sid,season,basin,name,max_wind,min_pres,sshs_max,cat45,peak_lat,peak_lon,start,end,provisional,n_landfall_pts,min_dist2land,has_track
1999343S09095,2000,SI,ILSA,60,980,0,false,-12.5,112.5,1999-12-09,1999-12-17,false,2,0,false
1999343S11123,2000,SI,JOHN,130,915,4,true,-19.5,117.3,1999-12-09,1999-12-16,false,5,0,true
1999357S08076,2000,SI,ASTRIDE,65,985,1,false,-14.5,61.3,1999-12-23,2000-01-03,false,4,0,true
2000003S13082,2000,SI,BABIOLA,90,950,2,false,-19.5,67.6,2000-01-03,2000-01-14,false,0,980,true
2000006S15164,2000,SP,IRIS,70,964,1,false,-16.6,166.6,2000-01-06,2000-01-10,false,1,11,true
2000018S15190,2000,SP,SIN NOMBRE,40,998,-5,false,-25.0,-169.0,2000-01-26,2000-01-26,false,0,1296,false
2000019S11127,2000,SI,SIN NOMBRE,30,,-1,false,-16.4,116.4,2000-01-18,2000-01-23,false,2,0,false
2000023S15172,2000,SP,JO,65,972,1,false,-22.4,175.9,2000-01-23,2000-02-02,false,0,381,true
2000024S12100,2000,SI,KIRRILY,85,975,2,false,-20.9,107.0,2000-01-24,2000-02-01,false,0,503,true
2000025S15056,2000,SI,CONNIE,120,930,4,true,-16.3,57.0,2000-01-25,2000-02-02,false,0,143,true
2000031S11074,2000,SI,DAMIENNE,50,994,0,false,-15.8,77.4,2000-01-30,2000-02-07,false,0,118,false
2000032S11116,2000,SI,ELINE:LEONE,115,930,4,true,-20.6,35.0,2000-02-01,2000-02-23,false,11,0,true
2000045S14100,2000,SI,MARCIA,35,995,-5,false,-15.0,102.5,2000-02-14,2000-02-18,false,0,828,false
2000050S13078,2000,SI,FELICIA,65,975,1,false,-23.1,67.2,2000-02-18,2000-02-26,false,0,1003,true
2000055S23227,2000,SP,KIM,100,935,3,false,-24.5,-138.5,2000-02-23,2000-03-03,false,0,2422,true
2000056S17152,2000,SP,STEVE,65,980,1,false,-20.3,116.9,2000-02-25,2000-03-11,false,44,0,true
2000058S14063,2000,SI,GLORIA,50,985,0,false,-12.9,51.2,2000-02-27,2000-03-09,false,14,0,false
2000060S12086,2000,SI,SIN NOMBRE,35,998,0,false,-13.6,86.9,2000-02-29,2000-03-09,false,0,1713,false
2000060S17123,2000,SI,NORMAN,120,936,4,true,-19.7,106.2,2000-02-29,2000-03-09,false,2,0,true
2000064S19209,2000,SP,LEO,55,974,0,false,-25.6,-164.9,2000-03-04,2000-03-10,false,0,1351,false
2000067S15189,2000,SP,MONA,80,960,1,false,-24.3,-173.3,2000-03-06,2000-03-14,false,0,174,true
2000075S17119,2000,SI,OLGA,50,985,0,false,-19.1,108.9,2000-03-14,2000-03-20,false,0,339,false
2000083S17102,2000,SI,HUDAH,125,905,4,true,-16.6,56.9,2000-03-22,2000-04-09,false,11,0,true
2000088N08090,2000,NI,SIN NOMBRE,45,998,-5,false,15.0,89.5,2000-03-27,2000-03-30,false,0,395,false
2000089S20168,2000,SP,VAUGHAN,50,975,0,false,-13.7,155.1,2000-03-31,2000-04-07,false,0,63,false
2000091S14156,2000,SP,TESSI,50,985,0,false,-18.8,147.6,2000-03-31,2000-04-03,false,3,0,false
2000099S28037,2000,SI,SIN NOMBRE,50,992,-5,false,-23.6,36.0,2000-04-07,2000-04-15,false,0,55,false
2000102S13128,2000,SI,PAUL,130,915,4,true,-13.7,100.2,2000-04-11,2000-04-21,false,0,92,true
2000103S10095,2000,SI,INNOCENTE,45,993,0,false,-16.5,75.8,2000-04-12,2000-04-24,false,0,356,false
2000104S17182,2000,SP,NEIL,40,992,0,false,-20.0,178.7,2000-04-13,2000-04-20,false,0,94,false
2000105S09127,2000,SI,ROSITA,125,930,4,true,-18.4,122.3,2000-04-14,2000-04-21,false,6,0,true
2000125N06136,2000,WP,DAMREY,155,930,5,true,18.6,136.0,2000-05-03,2000-05-12,false,0,654,true
2000138N16119,2000,WP,LONGWANG,40,990,0,false,23.3,128.5,2000-05-17,2000-05-20,false,3,0,false
2000141N18116,2000,WP,SIN NOMBRE,30,,-1,false,18.2,118.8,2000-05-21,2000-05-22,false,0,130,false
2000142N12262,2000,EP,ALETTA,90,970,2,false,14.8,-105.9,2000-05-21,2000-05-28,false,0,307,true
2000150N11117,2000,WP,SIN NOMBRE,30,,-1,false,14.9,110.2,2000-05-29,2000-06-01,false,0,61,false
2000160N21267,2000,NA,SIN NOMBRE,25,1008,-1,false,21.0,-93.0,2000-06-07,2000-06-08,false,0,238,false
2000164N12256,2000,EP,BUD,45,994,0,false,14.9,-108.3,2000-06-12,2000-06-17,false,0,308,false
2000170N10268,2000,EP,CARLOTTA,135,932,4,true,15.1,-103.8,2000-06-17,2000-06-25,false,0,219,true
2000175N09340,2000,NA,SIN NOMBRE,30,1008,-1,false,9.6,-21.0,2000-06-23,2000-06-25,false,0,461,false
2000184N13133,2000,WP,KIROGI,115,940,4,true,19.2,131.6,2000-07-02,2000-07-09,false,0,57,true
2000185N15117,2000,WP,KAI-TAK,75,960,1,false,19.7,118.7,2000-07-03,2000-07-11,false,12,0,true
2000187N12245,2000,EP,SIN NOMBRE,25,,-1,false,12.8,-120.0,2000-07-05,2000-07-07,false,0,1316,false
2000193N10131,2000,WP,SIN NOMBRE,25,,-1,false,12.1,129.2,2000-07-10,2000-07-17,false,2,0,false
2000199N20145,2000,WP,TEMBIN,45,992,0,false,26.4,142.3,2000-07-17,2000-07-23,false,0,164,false
2000201N11224,2000,EP,UPANA,40,,0,false,10.2,-151.4,2000-07-19,2000-07-24,false,0,967,false
2000202N12131,2000,WP,BOLAVEN,50,980,0,false,27.1,129.9,2000-07-19,2000-07-31,false,2,14,false
2000203N17249,2000,EP,SIN NOMBRE,30,,-1,false,18.4,-111.7,2000-07-21,2000-07-23,false,0,522,false
2000205N10260,2000,EP,DANIEL,110,954,3,false,14.3,-121.1,2000-07-22,2000-08-05,false,0,187,true
2000206N11266,2000,EP,EMILIA,55,994,0,false,18.1,-111.8,2000-07-24,2000-07-30,false,0,367,false
2000209N06182,2000,EP,CHANCHU,40,996,0,false,12.2,175.9,2000-07-26,2000-07-29,false,0,2302,false
2000214N22155,2000,WP,JELAWAT,125,940,4,true,24.4,144.4,2000-07-31,2000-08-11,false,5,0,true
2000215N15254,2000,EP,FABIO,45,1000,0,false,16.8,-117.6,2000-08-01,2000-08-08,false,0,455,false
2000217N11342,2000,NA,ALBERTO,110,950,3,false,35.9,-55.3,2000-08-03,2000-08-25,false,1,4,true
2000217N12260,2000,EP,GILMA,70,984,1,false,19.1,-118.2,2000-08-04,2000-08-11,false,0,426,true
2000220N24149,2000,WP,SIN NOMBRE,30,,-1,false,31.4,143.4,2000-08-06,2000-08-10,false,0,431,false
2000222N14143,2000,WP,EWINIAR,75,975,1,false,34.8,148.4,2000-08-08,2000-08-19,false,0,300,true
2000222N28286,2000,NA,SIN NOMBRE,30,1009,-1,false,28.2,-74.2,2000-08-08,2000-08-11,false,0,119,false
2000223N18257,2000,EP,HECTOR,70,983,1,false,19.1,-119.3,2000-08-10,2000-08-16,false,1,33,true
2000226N16258,2000,EP,ILEANA,60,991,0,false,21.5,-108.5,2000-08-13,2000-08-17,false,0,105,false
2000227N23267,2000,NA,BERYL,45,1007,0,false,23.9,-96.3,2000-08-13,2000-08-15,false,3,0,false
2000228N31180,2000,WP,WENE,45,,0,false,33.7,180.9,2000-08-14,2000-08-17,false,0,1508,false
2000230N08139,2000,WP,BILIS,140,920,5,true,20.3,125.1,2000-08-17,2000-08-24,false,7,0,true
2000230N30169,2000,WP,SIN NOMBRE,25,,-1,false,31.5,170.9,2000-08-16,2000-08-19,false,0,2125,false
2000231N14308,2000,NA,CHRIS,35,1008,0,false,16.2,-55.4,2000-08-17,2000-08-19,false,0,548,false
2000232N12116,2000,WP,KAEMI,45,985,0,false,15.5,109.3,2000-08-18,2000-08-23,false,4,0,false
2000233N12316,2000,NA,DEBBY,75,993,1,false,15.7,-56.3,2000-08-19,2000-08-24,false,6,11,true
2000236N17084,2000,NI,SIN NOMBRE,25,994,-5,false,16.5,83.0,2000-08-23,2000-08-24,false,3,0,false
2000237N08138,2000,WP,PRAPIROON,75,965,1,false,28.6,123.3,2000-08-24,2000-09-01,false,5,0,true
2000240N22115,2000,WP,MARIA,55,985,0,false,21.6,115.5,2000-08-27,2000-09-01,false,5,0,false
2000241N15223,2000,EP,JOHN,60,994,0,false,17.3,-140.4,2000-08-28,2000-09-01,false,0,1378,false
2000244N13229,2000,EP,KRISTY,35,1004,0,false,13.2,-133.3,2000-08-31,2000-09-03,false,0,2356,false
2000245N14157,2000,WP,SAOMAI,140,925,5,true,24.2,132.4,2000-09-01,2000-09-16,false,1,0,true
2000246N15315,2000,NA,ERNESTO,35,1008,0,false,16.2,-49.5,2000-09-01,2000-09-03,false,0,817,false
2000248N17117,2000,WP,WUKONG,95,955,2,false,18.4,110.6,2000-09-04,2000-09-10,false,5,0,true
2000248N18126,2000,WP,BOPHA,55,988,0,false,25.5,128.4,2000-09-05,2000-09-12,false,3,0,false
2000249N15258,2000,EP,LANE,85,967,2,false,20.2,-112.5,2000-09-05,2000-09-14,false,0,242,true
2000253N28267,2000,NA,SIN NOMBRE,30,1009,-1,false,28.5,-93.5,2000-09-08,2000-09-09,false,2,0,false
2000255N31289,2000,NA,FLORENCE,70,985,1,false,36.1,-61.8,2000-09-10,2000-09-17,false,0,123,true
2000258N22138,2000,WP,SONAMU,75,980,1,false,33.3,142.1,2000-09-14,2000-09-18,false,0,54,true
2000259N20273,2000,NA,GORDON,70,981,1,false,26.1,-84.9,2000-09-14,2000-09-21,false,17,0,true
2000260N15178,2000,WP,SHANSHAN,135,925,4,true,23.6,165.4,2000-09-15,2000-09-24,false,0,1856,true
2000260N15308,2000,NA,HELENE,60,986,0,false,27.1,-87.1,2000-09-15,2000-09-25,false,9,0,false
2000260N19253,2000,EP,MIRIAM,35,1004,0,false,20.6,-107.8,2000-09-15,2000-09-17,false,1,32,false
2000264N17257,2000,EP,NORMAN,45,998,0,false,18.3,-103.1,2000-09-20,2000-09-22,false,9,0,false
2000266N12337,2000,NA,ISAAC,120,943,4,true,26.6,-54.2,2000-09-21,2000-10-04,false,2,23,true
2000270N11330,2000,NA,JOYCE,80,975,1,false,12.2,-42.5,2000-09-25,2000-10-02,false,0,68,true
2000272N24165,2000,WP,SIN NOMBRE,35,,0,false,27.3,165.6,2000-09-27,2000-09-30,false,0,2359,false
2000273N16277,2000,NA,KEITH,120,941,4,true,17.9,-87.2,2000-09-28,2000-10-06,false,15,0,true
2000277N15257,2000,EP,OLIVIA,55,994,0,false,15.4,-104.5,2000-10-02,2000-10-10,false,0,303,false
2000279N29279,2000,NA,LESLIE,60,973,0,false,53.0,-10.0,2000-10-04,2000-10-10,false,4,0,false
2000281N11111,2000,WP,SIN NOMBRE,40,,0,false,11.5,112.3,2000-10-06,2000-10-14,false,0,89,false
2000289N15089,2000,NI,SIN NOMBRE,35,996,0,false,14.4,86.2,2000-10-14,2000-10-19,false,0,178,false
2000290N30289,2000,NA,MICHAEL,85,965,2,false,44.0,-58.5,2000-10-15,2000-10-20,false,2,0,true
2000294N26300,2000,NA,NADINE,50,999,0,false,32.4,-55.2,2000-10-19,2000-10-22,false,0,983,false
2000295N20146,2000,WP,YAGI,105,965,3,false,24.1,125.5,2000-10-21,2000-10-28,false,0,132,true
2000299N08139,2000,WP,XANGSANE,90,960,2,false,16.5,118.3,2000-10-25,2000-11-01,false,7,0,true
2000299N10252,2000,EP,PAUL,40,1003,0,false,10.3,-116.7,2000-10-25,2000-10-29,false,0,1049,false
2000299N13093,2000,NI,SIN NOMBRE,35,998,0,false,20.4,88.5,2000-10-25,2000-10-29,false,5,0,false
2000299N22291,2000,NA,SIN NOMBRE,55,978,-2,false,38.0,-65.5,2000-10-25,2000-10-29,false,1,32,false
2000305N06136,2000,WP,BEBINCA,85,980,2,false,14.5,122.5,2000-10-30,2000-11-08,false,4,0,true
2000309N10270,2000,EP,ROSA,55,993,0,false,11.8,-98.8,2000-11-03,2000-11-08,false,2,0,false
2000313N18126,2000,WP,SIN NOMBRE,30,,-1,false,24.4,125.3,2000-11-07,2000-11-10,false,0,249,false
2000331N09092,2000,NI,SIN NOMBRE,65,958,1,false,11.5,82.0,2000-11-26,2000-12-06,false,7,0,true
2000332N08133,2000,WP,RUMBIA,55,990,0,false,11.1,125.4,2000-11-27,2000-12-08,false,9,0,false
2000358N08086,2000,NI,SIN NOMBRE,65,970,1,false,8.5,81.0,2000-12-23,2000-12-28,false,8,0,true
2000364N07130,2000,WP,SOULIK,110,955,3,false,18.1,136.2,2000-12-28,2001-01-05,false,0,164,true
2000214S06080,2001,SI,SIN NOMBRE,35,,0,false,-6.2,77.7,2000-08-01,2000-08-03,false,0,1348,false
2000315S08083,2001,SI,SIN NOMBRE,35,,0,false,-10.5,79.4,2000-11-10,2000-11-20,false,0,1538,false
2000333S11140,2001,SP,SAM,110,936,3,false,-17.8,120.9,2000-11-28,2000-12-14,false,27,0,true
2000366S09068,2001,SI,ANDO,120,925,4,true,-17.8,54.7,2000-12-31,2001-01-12,false,0,203,true
2001003S09091,2001,SI,BINDU,100,955,3,false,-18.0,69.1,2001-01-03,2001-01-22,false,0,379,true
2001005S12136,2001,SP,SIN NOMBRE,40,996,-5,false,-12.3,132.1,2001-01-05,2001-01-10,false,7,0,false
2001018S12086,2001,SI,CHARLY,105,930,3,false,-18.8,72.9,2001-01-17,2001-02-01,false,0,448,true
2001028S15128,2001,SI,TERRI,50,975,0,false,-19.7,119.4,2001-01-27,2001-01-31,false,8,0,false
2001031S13072,2001,SI,SIN NOMBRE,45,985,-5,false,-30.6,69.8,2001-01-30,2001-02-06,false,0,1035,false
2001039S11139,2001,SP,WINSOME,40,981,0,false,-14.5,135.6,2001-02-08,2001-02-14,false,15,0,false
2001039S13117,2001,SI,VINCENT,35,980,0,false,-14.7,111.8,2001-02-07,2001-02-15,false,1,0,false
2001045S14142,2001,SP,WYLVA,40,988,-5,false,-15.3,138.7,2001-02-14,2001-02-22,false,18,0,false
2001047N09134,2001,WP,SIN NOMBRE,25,1004,-1,false,10.5,125.9,2001-02-16,2001-02-22,false,5,0,false
2001047S17157,2001,SP,SIN NOMBRE,35,997,0,false,-19.6,165.6,2001-02-16,2001-02-19,false,0,106,false
2001049S17198,2001,SP,OMA,50,980,0,false,-36.0,-150.0,2001-02-18,2001-02-24,false,0,1035,false
2001054S15155,2001,SP,ABIGAIL,60,970,0,false,-16.7,138.5,2001-02-23,2001-03-08,false,44,0,false
2001056S11163,2001,SP,PAULA,105,930,3,false,-22.0,180.8,2001-02-25,2001-03-08,false,2,24,true
2001060S19223,2001,SP,RITA,40,986,0,false,-23.9,-135.8,2001-02-28,2001-03-06,false,0,3817,false
2001064S10052,2001,SI,DERA,90,955,2,false,-29.4,41.0,2001-03-04,2001-03-13,false,5,0,true
2001091S11111,2001,SI,WALTER,90,940,2,false,-11.7,96.6,2001-04-01,2001-04-08,false,0,225,true
2001091S13094,2001,SI,SIN NOMBRE,35,998,0,false,-14.9,82.9,2001-04-02,2001-04-07,false,0,1649,false
2001093S10062,2001,SI,EVARISTE,75,973,1,false,-14.9,61.1,2001-04-02,2001-04-08,false,0,392,true
2001094S12172,2001,SP,SOSE,70,975,1,false,-20.3,169.2,2001-04-03,2001-04-12,false,1,15,true
2001106N04138,2001,WP,SIN NOMBRE,25,1004,-1,false,8.4,131.5,2001-04-16,2001-04-22,false,0,179,false
2001106S08137,2001,SP,ALISTAIR,65,975,1,false,-15.9,122.1,2001-04-15,2001-04-24,false,1,0,true
2001125N05129,2001,WP,CIMARON,60,984,0,false,24.3,125.1,2001-05-05,2001-05-14,false,10,0,false
2001141N14068,2001,NI,SIN NOMBRE,110,927,3,false,16.9,69.0,2001-05-21,2001-05-29,false,1,0,true
2001146N14259,2001,EP,ADOLPH,125,940,4,true,15.0,-102.1,2001-05-25,2001-06-01,false,0,271,true
2001157N28265,2001,NA,ALLISON,50,1000,0,false,28.5,-95.3,2001-06-05,2001-06-19,false,44,0,false
2001163N20087,2001,NI,SIN NOMBRE,25,990,-5,false,20.0,86.5,2001-06-12,2001-06-12,false,1,10,false
2001170N11138,2001,WP,CHEBI,100,944,3,false,22.2,119.4,2001-06-19,2001-06-24,false,4,0,true
2001171N12234,2001,EP,BARBARA,50,997,0,false,14.7,-134.1,2001-06-20,2001-06-26,false,0,69,false
2001171S35037,2001,SI,SIN NOMBRE,65,991,1,false,-26.6,34.7,2001-06-19,2001-06-24,false,0,108,true
2001180N15118,2001,WP,DURIAN,75,967,1,false,20.8,110.8,2001-06-29,2001-07-03,false,7,0,true
2001181N08141,2001,WP,UTOR,80,963,1,false,18.8,122.2,2001-06-30,2001-07-07,false,5,0,true
2001189N13130,2001,WP,TRAMI,40,997,0,false,20.4,123.5,2001-07-07,2001-07-12,false,3,0,false
2001192N21177,2001,WP,SIN NOMBRE,25,1002,-1,false,21.4,176.9,2001-07-10,2001-07-11,false,0,2192,false
2001193N11318,2001,NA,SIN NOMBRE,25,1010,-1,false,10.9,-42.1,2001-07-11,2001-07-12,false,0,992,false
2001194N15252,2001,EP,COSME,40,1000,0,false,16.3,-111.4,2001-07-13,2001-07-15,false,0,606,false
2001202N11266,2001,EP,DALILA,65,987,1,false,18.2,-109.0,2001-07-21,2001-07-28,false,0,208,true
2001202N14243,2001,EP,ERICK,35,1001,0,false,16.2,-120.4,2001-07-20,2001-07-24,false,0,1273,false
2001202N23152,2001,WP,KONG-REY,85,958,2,false,30.2,141.9,2001-07-21,2001-07-29,false,0,535,true
2001204N19127,2001,WP,YUTU,85,958,2,false,20.6,115.8,2001-07-22,2001-07-26,false,5,0,true
2001206N14134,2001,WP,TORAJI,100,944,3,false,23.8,121.3,2001-07-25,2001-07-31,false,7,0,true
2001212N10158,2001,WP,MAN-YI,120,922,4,true,22.4,144.1,2001-07-31,2001-08-09,false,0,404,true
2001215N26275,2001,NA,BARRY,60,990,0,false,28.6,-86.4,2001-08-02,2001-08-08,false,9,0,false
2001220N17118,2001,WP,USAGI,40,994,0,false,18.1,107.5,2001-08-08,2001-08-11,false,3,0,false
2001225N18146,2001,WP,PABUK,90,954,2,false,25.4,134.4,2001-08-13,2001-08-23,false,7,0,true
2001227N13323,2001,NA,CHANTAL,60,997,0,false,15.4,-78.4,2001-08-14,2001-08-22,false,7,0,false
2001235N17225,2001,EP,SIN NOMBRE,30,1007,-1,false,18.1,-135.9,2001-08-22,2001-08-24,false,0,1737,false
2001235N18296,2001,NA,DEAN,60,994,0,false,40.6,-59.4,2001-08-22,2001-08-29,false,0,78,false
2001236N21161,2001,WP,SIN NOMBRE,30,998,-1,false,23.7,162.4,2001-08-24,2001-08-25,false,0,2324,false
2001238N16139,2001,WP,WUTIP,130,910,4,true,24.0,146.4,2001-08-26,2001-09-02,false,0,980,true
2001238N18162,2001,WP,SEPAT,45,991,0,false,24.5,161.2,2001-08-26,2001-08-30,false,0,1088,false
2001238N19252,2001,EP,FLOSSIE,90,972,2,false,20.9,-116.6,2001-08-26,2001-09-02,false,0,327,true
2001239N19116,2001,WP,FITOW,45,991,0,false,21.1,109.1,2001-08-27,2001-09-01,false,9,0,false
2001245N13326,2001,NA,ERIN,105,968,3,false,32.4,-62.8,2001-09-01,2001-09-17,false,3,5,true
2001246N19156,2001,WP,DANAS,105,938,3,false,27.2,147.6,2001-09-03,2001-09-12,false,2,0,true
2001247N15237,2001,EP,GIL,85,975,2,false,14.9,-128.0,2001-09-04,2001-09-09,false,0,1510,true
2001248N17251,2001,EP,HENRIETTE,55,994,0,false,20.5,-122.9,2001-09-04,2001-09-08,false,0,484,false
2001248N23125,2001,WP,NARI,100,944,3,false,26.4,127.1,2001-09-05,2001-09-21,false,15,0,true
2001251N14332,2001,NA,FELIX,100,962,3,false,28.2,-47.2,2001-09-07,2001-09-19,false,0,1178,true
2001253N13213,2001,EP,SIN NOMBRE,30,1005,-1,false,13.2,-149.0,2001-09-10,2001-09-11,false,0,665,false
2001254N15261,2001,EP,IVO,45,997,0,false,20.3,-109.6,2001-09-10,2001-09-15,false,0,170,false
2001255N26276,2001,NA,GABRIELLE,70,975,1,false,35.3,-66.6,2001-09-11,2001-09-21,false,4,0,true
2001259N20138,2001,WP,VIPA,75,967,1,false,36.1,145.8,2001-09-16,2001-09-21,false,0,182,true
2001260N14167,2001,WP,FRANCISCO,100,944,3,false,26.3,147.5,2001-09-17,2001-09-25,false,0,669,true
2001263N13278,2001,NA,SIN NOMBRE,30,1006,-1,false,13.4,-81.9,2001-09-19,2001-09-20,false,2,0,false
2001264N13269,2001,EP,JULIETTE,125,923,4,true,15.9,-105.3,2001-09-21,2001-10-03,false,13,0,true
2001264N21126,2001,WP,LEKIMA,95,949,2,false,21.6,121.4,2001-09-21,2001-09-29,false,12,0,true
2001265N16244,2001,EP,KIKO,65,990,1,false,18.2,-123.3,2001-09-21,2001-09-25,false,0,1037,true
2001265N25296,2001,NA,HUMBERTO,90,970,2,false,41.0,-59.2,2001-09-21,2001-09-27,false,0,475,true
2001266N10217,2001,EP,SIN NOMBRE,35,1008,0,false,9.9,-147.2,2001-09-22,2001-09-25,false,0,941,false
2001267N17070,2001,NI,SIN NOMBRE,35,997,0,false,17.9,66.8,2001-09-24,2001-09-28,false,0,289,false
2001275N12258,2001,EP,LORENA,50,997,0,false,15.7,-106.5,2001-10-02,2001-10-04,false,0,133,false
2001276N13146,2001,WP,KROSA,105,938,3,false,19.7,137.2,2001-10-03,2001-10-09,false,0,618,true
2001276N14240,2001,EP,SIN NOMBRE,30,1008,-1,false,13.8,-121.2,2001-10-03,2001-10-04,false,0,1496,false
2001278N12302,2001,NA,IRIS,125,948,4,true,16.5,-88.0,2001-10-04,2001-10-09,false,4,0,true
2001280N11309,2001,NA,JERRY,45,1004,0,false,11.7,-57.7,2001-10-06,2001-10-08,false,0,259,false
2001281N18071,2001,NI,SIN NOMBRE,35,997,0,false,18.8,68.4,2001-10-08,2001-10-13,false,0,229,false
2001284N14261,2001,EP,MANUEL,50,997,0,false,18.0,-118.1,2001-10-10,2001-10-18,false,0,254,false
2001284N16132,2001,WP,HAIYAN,90,954,2,false,23.9,125.1,2001-10-11,2001-10-18,false,0,223,true
2001284N28297,2001,NA,KAREN,70,982,1,false,38.6,-63.7,2001-10-11,2001-10-15,false,1,0,true
2001288N13084,2001,NI,SIN NOMBRE,35,998,-5,false,13.7,81.0,2001-10-14,2001-10-16,false,5,0,false
2001291N05158,2001,WP,PODUL,140,898,5,true,17.1,156.9,2001-10-17,2001-10-28,false,0,1073,true
2001294N11235,2001,EP,NARDA,75,980,1,false,14.5,-131.4,2001-10-20,2001-10-25,false,0,923,true
2001301N27325,2001,NA,LORENZO,35,1007,0,false,28.5,-44.6,2001-10-27,2001-10-31,false,0,1316,false
2001303N13276,2001,NA,MICHELLE,120,934,4,true,20.1,-83.3,2001-10-29,2001-11-06,false,12,0,true
2001304N12237,2001,EP,OCTAVE,75,980,1,false,16.5,-128.6,2001-10-31,2001-11-03,false,0,1804,true
2001308N34310,2001,NA,NOEL,65,986,1,false,37.8,-50.3,2001-11-04,2001-11-06,false,0,434,true
2001309N10130,2001,WP,LINGLING,115,927,4,true,13.6,114.1,2001-11-05,2001-11-12,false,12,0,true
2001313N12084,2001,NI,SIN NOMBRE,30,1000,-1,false,14.4,82.1,2001-11-09,2001-11-12,false,0,168,false
2001321N07148,2001,WP,SIN NOMBRE,35,997,0,false,14.2,134.4,2001-11-16,2001-11-25,false,0,294,false
2001323N05107,2001,WP,SIN NOMBRE,35,997,0,false,6.2,112.2,2001-11-18,2001-11-23,false,0,56,false
2001327N31309,2001,NA,OLGA,80,973,1,false,32.6,-57.0,2001-11-23,2001-12-04,false,0,398,true
2001338N10130,2001,WP,KAJIKI,35,997,0,false,10.8,123.9,2001-12-04,2001-12-09,false,4,0,false
2001345N05155,2001,WP,SIN NOMBRE,35,997,0,false,5.7,159.7,2001-12-10,2001-12-13,false,0,955,false
2001347N04162,2001,WP,FAXAI,155,879,5,true,14.8,150.2,2001-12-13,2001-12-25,false,0,1339,true
2001361N01106,2001,WP,VAMEI,65,976,1,false,1.5,105.2,2001-12-26,2002-01-01,false,10,0,true
2001277S10082,2002,SI,SIN NOMBRE,35,997,0,false,-11.0,83.0,2001-10-04,2001-10-08,false,0,1753,false
2001298S07098,2002,SI,ALEX:ANDRE,55,984,0,false,-7.9,89.9,2001-10-24,2001-11-08,false,0,609,false
2001320S11146,2002,SP,SIN NOMBRE,35,997,0,false,-6.6,129.3,2001-11-16,2001-11-23,false,9,0,false
2001324S12081,2002,SI,SIN NOMBRE,35,997,0,false,-11.4,82.8,2001-11-20,2001-11-24,false,0,1950,false
2001329S06095,2002,SI,BAKO:BESSI,75,967,1,false,-17.0,85.8,2001-11-25,2001-12-09,false,0,670,true
2001334S21200,2002,SP,TRINA,35,997,0,false,-21.5,-159.3,2001-11-30,2001-12-03,false,0,1417,false
2001363S10185,2002,SP,WAKA,100,944,3,false,-16.2,-175.4,2001-12-28,2002-01-06,false,0,289,true
2001364S19036,2002,SI,CYPRIEN,50,987,0,false,-20.7,41.8,2001-12-30,2002-01-03,false,6,0,false
2001365S12138,2002,SP,BERNIE,45,991,0,false,-15.1,139.1,2001-12-31,2002-01-06,false,8,0,false
2002008N07141,2002,WP,TAPAH,50,987,0,false,13.8,125.6,2002-01-08,2002-01-14,false,2,10,false
2002017S07078,2002,SI,DINA,130,910,4,true,-18.0,64.2,2002-01-16,2002-01-28,false,0,78,true
2002023S10089,2002,SI,EDDY,75,967,1,false,-20.1,89.6,2002-01-22,2002-01-30,false,0,1414,true
2002030S13093,2002,SI,FRANCESCA,115,927,4,true,-15.9,78.4,2002-01-31,2002-02-14,false,0,1551,true
2002033S13121,2002,SI,CHRIS,125,916,4,true,-19.2,120.3,2002-02-02,2002-02-07,false,6,0,true
2002040S14130,2002,SI,SIN NOMBRE,20,994,-5,false,-12.8,132.5,2002-02-09,2002-02-24,false,61,0,false
2002042S20156,2002,SP,CLAUDIA,75,967,1,false,-24.1,160.0,2002-02-10,2002-02-15,false,0,484,true
2002045S18049,2002,SI,GUILLAUME,120,922,4,true,-18.2,59.5,2002-02-14,2002-02-23,false,2,0,true
2002054S17176,2002,SP,SIN NOMBRE,35,997,0,false,-20.4,175.6,2002-02-23,2002-02-26,false,0,233,false
2002057N06156,2002,WP,MITAG,140,898,5,true,13.7,130.1,2002-02-26,2002-03-08,false,0,526,true
2002062S15154,2002,SP,DES,50,987,0,false,-20.1,162.3,2002-03-03,2002-03-08,false,0,99,false
2002063S11066,2002,SI,HARY,140,898,5,true,-14.7,50.8,2002-03-03,2002-03-17,false,2,0,true
2002073S16161,2002,SP,SIN NOMBRE,35,997,0,false,-19.9,165.4,2002-03-13,2002-03-16,false,0,99,false
2002078N04138,2002,WP,SIN NOMBRE,30,1000,-1,false,6.9,130.2,2002-03-18,2002-03-25,false,7,0,false
2002081S08084,2002,SI,IKALA,110,933,3,false,-17.1,76.1,2002-03-21,2002-04-03,false,0,1533,true
2002096N11155,2002,WP,SIN NOMBRE,30,1000,-1,false,12.9,156.1,2002-04-05,2002-04-07,false,0,1642,false
2002096S10103,2002,SI,DIANNE:JERY,105,938,3,false,-17.7,88.1,2002-04-05,2002-04-11,false,0,485,true
2002098S07133,2002,SI,BONNIE,50,987,0,false,-11.0,113.2,2002-04-07,2002-04-15,false,7,0,false
2002122S07063,2002,SI,KESINY,65,976,1,false,-10.5,61.1,2002-05-02,2002-05-11,false,9,0,true
2002126N09068,2002,NI,SIN NOMBRE,45,991,0,false,14.6,58.1,2002-05-05,2002-05-10,false,2,0,false
2002128S05097,2002,SI,ERROL,45,991,0,false,-5.9,96.5,2002-05-08,2002-05-14,false,0,465,false
2002129N08096,2002,NI,SIN NOMBRE,45,991,0,false,12.9,95.8,2002-05-09,2002-05-12,false,3,0,false
2002133N03150,2002,WP,HAGIBIS,140,898,5,true,19.3,142.1,2002-05-13,2002-05-21,false,0,643,true
2002143S07157,2002,SP,UPIA,35,996,0,false,-7.9,153.7,2002-05-23,2002-05-29,false,2,0,false
2002145N11259,2002,EP,ALMA,100,960,3,false,15.3,-115.4,2002-05-24,2002-06-01,false,0,621,true
2002146N17113,2002,WP,SIN NOMBRE,25,1002,-1,false,16.8,112.8,2002-05-26,2002-05-30,false,1,0,false
2002155N20112,2002,WP,NOGURI,85,958,2,false,22.7,124.7,2002-06-03,2002-06-11,false,1,9,true
2002160N16258,2002,EP,BORIS,50,997,0,false,16.8,-104.1,2002-06-08,2002-06-12,false,0,119,false
2002178N04155,2002,WP,CHATAAN,130,910,4,true,20.8,134.1,2002-06-27,2002-07-11,false,4,0,true
2002178N10139,2002,WP,RAMMASUN,110,933,3,false,23.2,126.3,2002-06-26,2002-07-06,false,2,0,true
2002179N12238,2002,EP,SIN NOMBRE,30,1006,-1,false,11.8,-121.9,2002-06-27,2002-06-29,false,0,1769,false
2002187N11160,2002,WP,HALONG,135,904,4,true,20.2,132.2,2002-07-05,2002-07-16,false,1,21,true
2002189N21116,2002,WP,NAKRI,40,990,0,false,25.3,124.1,2002-07-08,2002-07-13,false,5,0,false
2002191N12260,2002,EP,CRISTINA,55,994,0,false,16.6,-117.8,2002-07-09,2002-07-16,false,0,567,false
2002195N11172,2002,WP,FENGSHEN,145,892,5,true,20.5,154.3,2002-07-14,2002-07-27,false,0,57,true
2002196N34283,2002,NA,ARTHUR,50,992,0,false,37.9,-65.1,2002-07-14,2002-07-19,false,4,0,false
2002198N09182,2002,EP,KALMAEGI,30,1000,-1,false,16.7,178.6,2002-07-17,2002-07-21,false,0,2036,false
2002199N08130,2002,WP,SIN NOMBRE,35,997,0,false,13.7,122.0,2002-07-17,2002-07-21,false,12,0,false
2002200N21150,2002,WP,FUNG-WONG,65,976,1,false,22.9,131.1,2002-07-20,2002-07-27,false,2,30,true
2002202N13254,2002,EP,DOUGLAS,90,970,2,false,17.2,-112.7,2002-07-20,2002-07-27,false,0,515,true
2002204N12263,2002,EP,ELIDA,140,921,5,true,14.3,-109.5,2002-07-23,2002-07-31,false,0,447,true
2002214N19120,2002,WP,KAMMURI,50,987,0,false,22.2,115.5,2002-08-02,2002-08-05,false,4,0,false
2002215N34140,2002,WP,SIN NOMBRE,25,999,-1,false,34.2,150.6,2002-08-02,2002-08-06,false,0,141,false
2002217N29272,2002,NA,BERTHA,35,1008,0,false,29.3,-89.2,2002-08-04,2002-08-09,false,14,0,false
2002218N13241,2002,EP,SIN NOMBRE,30,1008,-1,false,13.9,-119.8,2002-08-06,2002-08-08,false,0,1409,false
2002218N32283,2002,NA,CRISTOBAL,45,999,0,false,29.7,-75.3,2002-08-05,2002-08-08,false,0,224,false
2002222N09163,2002,WP,PHANFONE,135,904,4,true,23.9,143.3,2002-08-10,2002-08-20,false,0,205,true
2002222N11131,2002,WP,SIN NOMBRE,35,997,0,false,13.0,126.8,2002-08-10,2002-08-14,false,3,0,false
2002227N14115,2002,WP,VONGFONG,55,984,0,false,19.9,111.1,2002-08-14,2002-08-19,false,3,0,false
2002234N11221,2002,EP,ALIKA,55,995,0,false,12.7,-152.6,2002-08-21,2002-08-28,false,0,713,false
2002234N13253,2002,EP,FAUSTO,125,936,4,true,15.7,-121.8,2002-08-21,2002-09-03,false,0,715,true
2002234N14164,2002,WP,RUSA,115,927,4,true,22.5,145.6,2002-08-22,2002-09-01,false,4,0,true
2002237N10202,2002,EP,ELE,115,927,4,true,15.0,177.6,2002-08-25,2002-09-10,false,0,1039,true
2002238N15250,2002,EP,GENEVIEVE,60,989,0,false,14.1,-114.9,2002-08-26,2002-09-01,false,0,778,false
2002240N16155,2002,WP,SINLAKU,110,933,3,false,23.7,149.7,2002-08-28,2002-09-08,false,5,0,true
2002242N10329,2002,NA,DOLLY,50,997,0,false,10.3,-36.3,2002-08-29,2002-09-04,false,0,1097,false
2002242N14257,2002,EP,HERNAN,140,921,5,true,17.2,-111.1,2002-08-30,2002-09-06,false,0,426,true
2002245N29281,2002,NA,EDOUARD,55,1002,0,false,30.4,-78.4,2002-09-01,2002-09-06,false,4,0,false
2002249N19253,2002,EP,SIN NOMBRE,30,1006,-1,false,19.6,-108.0,2002-09-05,2002-09-10,false,0,153,false
2002249N28266,2002,NA,FAY,50,998,0,false,27.7,-94.5,2002-09-05,2002-09-11,false,15,0,false
2002251N24313,2002,NA,SIN NOMBRE,30,1013,-1,false,24.3,-47.5,2002-09-07,2002-09-08,false,0,1623,false
2002252N20121,2002,WP,HAGUPIT,45,991,0,false,21.0,113.7,2002-09-08,2002-09-13,false,6,0,false
2002252N29289,2002,NA,GUSTAV,85,960,2,false,40.3,-66.8,2002-09-08,2002-09-15,false,3,0,true
2002255N26273,2002,NA,HANNA,50,1001,0,false,28.0,-89.2,2002-09-12,2002-09-15,false,6,0,false
2002258N10300,2002,NA,ISIDORE,110,934,3,false,21.9,-86.1,2002-09-14,2002-09-27,false,22,0,true
2002258N15256,2002,EP,ISELLE,60,990,0,false,21.6,-114.0,2002-09-15,2002-09-20,false,0,69,false
2002261N33308,2002,NA,JOSEPHINE,50,1004,0,false,41.5,-43.3,2002-09-17,2002-09-19,false,0,948,false
2002263N22139,2002,WP,CHANGMI,45,985,-5,false,30.9,138.8,2002-09-21,2002-09-22,false,0,396,false
2002264N13114,2002,WP,MEKKHALA,55,984,0,false,18.3,109.1,2002-09-21,2002-09-28,false,9,0,false
2002264N28308,2002,NA,KYLE,75,980,1,false,27.9,-58.3,2002-09-20,2002-10-12,false,4,0,true
2002265N10315,2002,NA,LILI,125,940,4,true,26.7,-90.3,2002-09-21,2002-10-04,false,10,0,true
2002268N15163,2002,WP,HIGOS,135,904,4,true,20.9,136.7,2002-09-25,2002-10-02,false,4,0,true
2002268N15258,2002,EP,JULIO,40,1000,0,false,17.0,-101.9,2002-09-25,2002-09-26,false,3,0,false
2002282N10156,2002,WP,BAVI,70,972,1,false,25.8,146.8,2002-10-09,2002-10-14,false,0,761,true
2002288N17277,2002,NA,SIN NOMBRE,30,1002,-1,false,16.9,-82.6,2002-10-14,2002-10-16,false,1,0,false
2002289N18162,2002,WP,SIN NOMBRE,30,1000,-1,false,16.5,154.0,2002-10-16,2002-10-20,false,0,1860,false
2002291N13177,2002,WP,SIN NOMBRE,30,1000,-1,false,14.6,175.7,2002-10-17,2002-10-19,false,0,2454,false
2002295N11261,2002,EP,KENNA,145,913,5,true,18.3,-108.3,2002-10-22,2002-10-26,false,2,0,true
2002295N14082,2002,NI,SIN NOMBRE,25,1002,-5,false,13.5,81.5,2002-10-22,2002-10-23,false,0,129,false
2002296N11230,2002,EP,LOWELL,45,1002,0,false,13.3,-144.9,2002-10-22,2002-10-31,false,0,1068,false
2002297N09206,2002,EP,HUKO,75,967,1,false,14.1,188.6,2002-10-23,2002-11-07,false,0,776,true
2002298N17169,2002,WP,MAYSAK,75,967,1,false,30.4,166.3,2002-10-25,2002-10-30,false,0,2092,true
2002314N12083,2002,NI,SIN NOMBRE,55,984,0,false,20.9,87.5,2002-11-09,2002-11-12,false,1,0,false
2002318N15250,2002,EP,SIN NOMBRE,30,1006,-1,false,15.2,-111.0,2002-11-14,2002-11-16,false,0,708,false
2002323N09155,2002,WP,HAISHEN,95,949,2,false,21.1,136.4,2002-11-19,2002-11-25,false,0,756,true
2002327N10089,2002,NI,SIN NOMBRE,45,991,0,false,12.4,87.9,2002-11-22,2002-11-28,false,0,211,false
2002335N05166,2002,WP,PONGSONA,130,910,4,true,13.5,145.2,2002-12-01,2002-12-11,false,0,1322,true
2002355N04077,2002,NI,SIN NOMBRE,35,997,0,false,5.1,81.5,2002-12-21,2002-12-25,false,0,115,false
2002247S03067,2003,SI,ABAIMBA,35,997,0,false,-4.0,58.1,2002-09-04,2002-09-09,false,0,984,false
2002307S07070,2003,SI,ATANG,45,991,0,false,-9.2,58.9,2002-11-03,2002-11-13,false,2,0,false
2002319S06078,2003,SI,BOURA,75,967,1,false,-13.1,68.2,2002-11-14,2002-11-27,false,0,243,true
2002335S13182,2003,SP,YOLANDE,45,988,0,false,-29.0,-153.5,2002-12-01,2002-12-11,false,0,203,false
2002356S07070,2003,SI,CRYSTAL,90,954,2,false,-19.1,59.5,2002-12-21,2003-01-02,false,0,180,true
2002358S08185,2003,SP,ZOE,155,879,5,true,-11.7,170.6,2002-12-23,2003-01-04,false,0,286,true
2002359S03089,2003,SI,SIN NOMBRE,30,1000,-1,false,-8.7,89.1,2002-12-25,2003-01-03,false,0,1012,false
2002364S16045,2003,SI,DELFINA,55,984,0,false,-16.0,40.4,2002-12-30,2003-01-14,false,25,0,false
2003004S10136,2003,SP,SIN NOMBRE,50,988,-5,false,-12.1,135.5,2003-01-04,2003-01-25,false,58,0,false
2003007S10072,2003,SI,EBULA,65,976,1,false,-17.7,70.8,2003-01-06,2003-01-15,false,0,1244,true
2003011N02180,2003,EP,YANYAN,50,987,0,false,14.5,147.0,2003-01-11,2003-01-21,false,0,1456,false
2003011S09182,2003,SP,AMI,110,944,3,false,-19.2,180.8,2003-01-10,2003-01-17,false,1,24,true
2003021S10163,2003,SP,BENI,125,916,4,true,-16.5,162.7,2003-01-20,2003-02-05,false,5,10,true
2003021S11081,2003,SI,FARI,55,984,0,false,-20.0,49.4,2003-01-21,2003-02-02,false,4,0,false
2003025S16173,2003,SP,CILLA,35,997,0,false,-19.1,183.5,2003-01-25,2003-01-31,false,1,44,false
2003034S12117,2003,SI,FIONA,110,933,3,false,-16.0,98.9,2003-02-03,2003-02-13,false,0,299,true
2003035S10099,2003,SI,ISHA,45,991,0,false,-18.2,84.4,2003-02-03,2003-02-15,false,0,720,false
2003036S10197,2003,SP,DOVI,130,910,4,true,-18.4,-166.7,2003-02-04,2003-02-15,false,0,758,true
2003037S12061,2003,SI,GERRY,105,938,3,false,-19.4,58.5,2003-02-05,2003-02-18,false,0,114,true
2003039S15066,2003,SI,HAPE,90,954,2,false,-15.6,70.5,2003-02-07,2003-02-16,false,0,801,true
2003056S17119,2003,SI,GRAHAM,40,994,0,false,-19.0,120.9,2003-02-24,2003-03-01,false,5,0,false
2003056S21042,2003,SI,JAPHET,115,927,4,true,-23.9,37.6,2003-02-24,2003-03-04,false,8,0,true
2003060S13103,2003,SI,HARRIET,35,994,0,false,-14.9,113.5,2003-03-01,2003-03-11,false,0,190,false
2003061S21148,2003,SP,ERICA,130,910,4,true,-19.5,161.3,2003-03-01,2003-03-17,false,4,0,true
2003062S10080,2003,SI,KALUNDE,140,898,5,true,-14.0,70.4,2003-03-03,2003-03-17,false,0,637,true
2003067S13130,2003,SI,CRAIG,35,997,0,false,-10.9,130.7,2003-03-07,2003-03-13,false,11,0,false
2003068S14172,2003,SP,ESETA,110,952,3,false,-22.8,187.5,2003-03-08,2003-03-15,false,0,391,true
2003088S07131,2003,SI,INIGO,140,898,5,true,-12.6,115.8,2003-03-29,2003-04-08,false,12,0,true
2003098N03159,2003,WP,KUJIRA,135,904,4,true,13.1,137.0,2003-04-08,2003-04-25,false,2,0,true
2003098S23041,2003,SI,LUMA,70,980,-5,false,-32.5,56.0,2003-04-08,2003-04-12,false,0,224,true
2003103S14180,2003,SP,FILI,45,997,0,false,-24.6,-170.6,2003-04-13,2003-04-15,false,0,258,false
2003108N29294,2003,NA,ANA,50,994,0,false,31.4,-66.4,2003-04-18,2003-04-27,false,0,604,false
2003122S11065,2003,SI,MANOU,75,967,1,false,-19.2,49.4,2003-05-01,2003-05-13,false,7,10,true
2003129N05091,2003,NI,SIN NOMBRE,60,980,0,false,10.6,86.7,2003-05-08,2003-05-19,false,2,0,false
2003137N07131,2003,WP,SIN NOMBRE,30,1000,-1,false,7.9,129.6,2003-05-17,2003-05-20,false,0,286,false
2003138N04148,2003,WP,CHAN-HOM,115,927,4,true,17.4,151.5,2003-05-18,2003-05-27,false,0,685,true
2003140N10258,2003,EP,ANDRES,50,997,0,false,9.7,-106.1,2003-05-19,2003-05-26,false,0,839,false
2003144N16119,2003,WP,LINFA,55,984,0,false,16.1,119.4,2003-05-24,2003-05-30,false,5,0,false
2003150N17119,2003,WP,NANGKA,45,991,0,false,19.3,118.8,2003-05-31,2003-06-04,false,0,99,false
2003155S10172,2003,SP,GINA,90,954,2,false,-16.8,162.1,2003-06-04,2003-06-09,false,0,62,true
2003156S07155,2003,SP,EPI,40,993,-5,false,-7.7,153.6,2003-06-05,2003-06-05,false,0,62,false
2003158N08156,2003,WP,SOUDELOR,115,927,4,true,26.3,124.5,2003-06-07,2003-06-20,false,0,56,true
2003162N10319,2003,NA,SIN NOMBRE,30,1008,-1,false,9.5,-40.8,2003-06-11,2003-06-11,false,0,849,false
2003168N16257,2003,EP,BLANCA,50,997,0,false,16.7,-104.3,2003-06-17,2003-06-24,false,0,123,false
2003177N14263,2003,EP,CARLOS,55,996,0,false,15.7,-97.6,2003-06-26,2003-06-28,false,5,0,false
2003179N20271,2003,NA,BILL,50,997,0,false,28.2,-91.5,2003-06-28,2003-07-03,false,14,0,false
2003187N14244,2003,EP,DOLORES,35,1005,0,false,14.6,-117.0,2003-07-06,2003-07-08,false,0,1171,false
2003188N11307,2003,NA,CLAUDETTE,75,982,1,false,28.3,-95.5,2003-07-07,2003-07-17,false,10,0,true
2003192N14254,2003,EP,ENRIQUE,55,993,0,false,15.3,-112.1,2003-07-10,2003-07-16,false,0,557,false
2003196N05150,2003,WP,IMBUDO,130,910,4,true,12.6,130.7,2003-07-15,2003-07-25,false,7,0,true
2003196N11137,2003,WP,KONI,65,976,1,false,16.9,114.3,2003-07-14,2003-07-22,false,9,0,true
2003198N31306,2003,NA,DANNY,65,1000,1,false,39.2,-53.4,2003-07-16,2003-07-27,false,0,657,true
2003199N14255,2003,EP,FELICIA,45,1000,0,false,14.9,-110.1,2003-07-17,2003-07-24,false,0,518,false
2003201N12317,2003,NA,SIN NOMBRE,30,1010,-1,false,12.3,-43.5,2003-07-19,2003-07-21,false,0,538,false
2003206N21089,2003,NI,SIN NOMBRE,30,988,-5,false,21.5,88.0,2003-07-25,2003-07-27,false,3,0,false
2003207N29280,2003,NA,SIN NOMBRE,30,1016,-1,false,30.7,-80.8,2003-07-25,2003-07-27,false,4,0,false
2003212N09150,2003,WP,ETAU,110,933,3,false,26.5,128.2,2003-07-31,2003-08-10,false,7,0,true
2003212N12130,2003,WP,MORAKOT,65,976,1,false,21.4,121.4,2003-07-30,2003-08-05,false,5,0,true
2003219N16244,2003,EP,GUILLERMO,50,997,0,false,16.1,-119.2,2003-08-07,2003-08-13,false,0,975,false
2003221N14249,2003,EP,HILDA,35,1004,0,false,14.5,-114.8,2003-08-09,2003-08-13,false,0,926,false
2003223N13224,2003,EP,SIN NOMBRE,30,1009,-1,false,13.8,-151.0,2003-08-11,2003-08-17,false,0,495,false
2003226N07156,2003,WP,KROVANH,90,954,2,false,17.8,124.5,2003-08-14,2003-08-26,false,7,0,true
2003227N26277,2003,NA,ERIKA,65,988,1,false,25.2,-97.6,2003-08-14,2003-08-17,false,3,0,true
2003230N18125,2003,WP,VAMCO,35,997,0,false,25.5,122.3,2003-08-18,2003-08-20,false,4,0,false
2003234N15295,2003,NA,SIN NOMBRE,30,1007,-1,false,14.5,-65.5,2003-08-21,2003-08-22,false,0,217,false
2003235N20253,2003,EP,IGNACIO,90,970,2,false,23.1,-108.9,2003-08-22,2003-08-27,false,13,0,true
2003240N14230,2003,EP,JIMENA,90,970,2,false,17.3,217.1,2003-08-28,2003-09-05,false,0,210,true
2003240N15329,2003,NA,FABIAN,125,939,4,true,19.0,-57.3,2003-08-27,2003-09-09,false,0,475,true
2003240N20139,2003,WP,DUJUAN,125,916,4,true,21.2,121.9,2003-08-27,2003-09-03,false,4,0,true
2003240N21089,2003,NI,SIN NOMBRE,25,996,-5,false,20.5,88.5,2003-08-27,2003-08-28,false,1,0,false
2003243N24268,2003,NA,GRACE,35,1007,0,false,24.9,-93.3,2003-08-30,2003-09-02,false,8,0,false
2003247N10153,2003,WP,MAEMI,150,885,5,true,23.7,127.2,2003-09-04,2003-09-13,false,3,0,true
2003247N19249,2003,EP,KEVIN,35,1000,0,false,21.2,-114.6,2003-09-03,2003-09-10,false,0,424,false
2003247N27272,2003,NA,HENRI,50,997,0,false,28.3,-84.2,2003-09-03,2003-09-08,false,2,0,false
2003249N14329,2003,NA,ISABEL,145,915,5,true,21.5,-54.8,2003-09-06,2003-09-20,false,6,0,true
2003251N12338,2003,NA,SIN NOMBRE,30,1007,-1,false,12.4,-24.4,2003-09-08,2003-09-10,false,0,540,false
2003257N15252,2003,EP,LINDA,65,987,1,false,19.0,-112.5,2003-09-13,2003-09-23,false,0,487,true
2003259N13133,2003,WP,CHOI-WAN,100,944,3,false,31.0,137.1,2003-09-17,2003-09-23,false,0,203,true
2003262N17254,2003,EP,MARTY,85,970,2,false,22.0,-109.6,2003-09-18,2003-09-26,false,13,0,true
2003267N15140,2003,WP,KOPPU,90,954,2,false,28.4,141.8,2003-09-23,2003-09-30,false,0,628,true
2003268N28298,2003,NA,JUAN,90,969,2,false,35.5,-63.2,2003-09-24,2003-09-29,false,2,11,true
2003269N12322,2003,NA,KATE,110,952,3,false,30.2,-54.0,2003-09-25,2003-10-10,false,0,89,true
2003271N18275,2003,NA,LARRY,55,993,0,false,20.5,-94.0,2003-09-27,2003-10-07,false,17,0,false
2003275N16252,2003,EP,NORA,90,969,2,false,16.9,-111.5,2003-10-01,2003-10-09,false,1,0,true
2003276N12262,2003,EP,OLAF,65,987,1,false,16.5,-104.2,2003-10-03,2003-10-08,false,4,0,true
2003279N17084,2003,NI,SIN NOMBRE,25,998,-5,false,17.5,84.0,2003-10-06,2003-10-09,false,3,0,false
2003279N18118,2003,WP,SIN NOMBRE,25,1002,-1,false,18.0,116.2,2003-10-06,2003-10-11,false,1,10,false
2003283N26131,2003,WP,SIN NOMBRE,30,1000,-1,false,26.9,131.5,2003-10-10,2003-10-13,false,4,0,false
2003284N19291,2003,NA,MINDY,40,1002,0,false,19.1,-68.8,2003-10-10,2003-10-14,false,1,22,false
2003286N09323,2003,NA,NICHOLAS,60,990,0,false,15.5,-48.0,2003-10-13,2003-11-01,false,0,848,false
2003290N15132,2003,WP,KETSANA,125,916,4,true,16.9,131.2,2003-10-18,2003-10-26,false,0,520,true
2003291N17147,2003,WP,PARMA,130,910,4,true,30.8,158.7,2003-10-18,2003-10-31,false,0,1337,true
2003294N10260,2003,EP,PATRICIA,70,984,1,false,11.7,-105.0,2003-10-20,2003-10-26,false,0,715,true
2003294N11112,2003,WP,SIN NOMBRE,25,1002,-1,false,11.4,112.4,2003-10-21,2003-10-24,false,2,0,false
2003295N09101,2003,WP,SIN NOMBRE,35,997,0,false,14.1,90.1,2003-10-21,2003-10-28,false,5,0,false
2003302N11133,2003,WP,MELOR,75,967,1,false,16.9,122.5,2003-10-28,2003-11-04,false,4,0,true
2003315N09067,2003,NI,SIN NOMBRE,80,963,1,false,5.6,55.6,2003-11-10,2003-11-18,false,0,348,true
2003316N11141,2003,WP,NEPARTAK,75,967,1,false,14.3,113.9,2003-11-11,2003-11-19,false,9,0,true
2003319N13172,2003,WP,LUPIT,145,892,5,true,14.9,133.8,2003-11-14,2003-12-02,false,0,479,true
2003339N13284,2003,NA,ODETTE,55,993,0,false,15.9,-72.5,2003-12-04,2003-12-09,false,2,0,false
2003342N28326,2003,NA,PETER,60,990,0,false,21.0,-37.0,2003-12-07,2003-12-11,false,0,1738,false
2003345N05092,2003,NI,SIN NOMBRE,55,984,0,false,14.5,81.5,2003-12-11,2003-12-16,false,4,0,false
2003357N11142,2003,WP,SIN NOMBRE,35,997,0,false,13.7,130.3,2003-12-23,2003-12-27,false,1,39,false
2003272S05066,2004,SI,ABAIMBA,45,991,0,false,-4.4,66.1,2003-09-28,2003-10-05,false,0,1675,false
2003313S05079,2004,SI,BENI,100,944,3,false,-11.1,75.7,2003-11-08,2003-11-25,false,0,182,true
2003338S09065,2004,SI,CELA,65,976,1,false,-20.7,41.6,2003-12-04,2003-12-22,false,4,0,true
2003340S07093,2004,SI,JANA,80,963,1,false,-11.1,99.3,2003-12-06,2003-12-17,false,0,653,true
2003350S10140,2004,SP,DEBBIE,65,976,1,false,-11.3,133.8,2003-12-16,2003-12-23,false,11,0,true
2003358S06067,2004,SI,DARIUS,55,984,0,false,-14.6,59.7,2003-12-23,2004-01-04,false,1,23,false
2003359S15177,2004,SP,HETA,140,898,5,true,-14.0,186.0,2003-12-25,2004-01-12,false,0,127,true
2004001S16124,2004,SI,KEN,35,997,0,false,-16.5,120.2,2004-01-01,2004-01-06,false,2,0,false
2004025S16044,2004,SI,ELITA,65,976,1,false,-19.7,43.4,2004-01-24,2004-02-13,false,17,0,true
2004026S12063,2004,SI,FRANK,125,916,4,true,-17.2,68.1,2004-01-26,2004-02-08,false,0,653,true
2004028S06090,2004,SI,LINDA,45,991,0,false,-14.7,96.1,2004-01-28,2004-02-02,false,0,1008,false
2004041S14147,2004,SP,FRITZ,35,992,0,false,-16.7,139.9,2004-02-10,2004-02-15,false,16,0,false
2004042N08148,2004,WP,SIN NOMBRE,40,994,0,false,14.0,135.4,2004-02-10,2004-02-19,false,0,634,false
2004052S15172,2004,SP,IVY,105,938,3,false,-16.3,167.8,2004-02-21,2004-03-02,false,2,0,true
2004056S18125,2004,SI,MONTY,110,933,3,false,-19.8,115.4,2004-02-25,2004-03-03,false,12,0,true
2004058S13142,2004,SP,EVAN,30,999,-1,false,-13.8,137.4,2004-02-27,2004-03-04,false,13,0,false
2004061S12072,2004,SI,GAFILO,140,898,5,true,-14.7,53.4,2004-03-01,2004-03-18,false,20,0,true
2004068S13089,2004,SI,HELMA:NICKY,65,976,1,false,-16.4,89.7,2004-03-07,2004-03-16,false,0,1502,true
2004072S11146,2004,SP,FAY,120,922,4,true,-13.9,122.2,2004-03-12,2004-03-28,false,11,0,true
2004074N03143,2004,WP,SIN NOMBRE,35,997,0,false,10.5,128.8,2004-03-14,2004-03-23,false,0,63,false
2004081S12103,2004,SI,ITSANG:ITSENG:OSCAR,115,927,4,true,-16.9,92.4,2004-03-21,2004-03-29,false,0,639,true
2004081S15148,2004,SP,GRACE,50,985,0,false,-22.8,160.6,2004-03-20,2004-03-26,false,2,15,false
2004083S08056,2004,SI,SIN NOMBRE,25,1002,-1,false,-8.5,55.9,2004-03-23,2004-03-28,false,0,328,false
2004086S29318,2004,SA,SIN NOMBRE,75,981,1,false,-29.3,-45.6,2004-03-25,2004-03-28,false,2,0,true
2004093N07154,2004,WP,SUDAL,130,910,4,true,10.8,135.2,2004-04-02,2004-04-16,false,0,680,true
2004098S15173,2004,SP,SIN NOMBRE,35,997,0,false,-17.0,177.3,2004-04-07,2004-04-09,false,1,15,false
2004125N11074,2004,NI,SIN NOMBRE,45,990,0,false,11.9,72.9,2004-05-04,2004-05-10,false,0,130,false
2004125S08084,2004,SI,JUBA,65,976,1,false,-12.8,67.7,2004-05-04,2004-05-17,false,0,557,true
2004134N07132,2004,WP,NIDA,140,898,5,true,12.6,125.6,2004-05-13,2004-05-21,false,3,0,true
2004135N09114,2004,WP,SIN NOMBRE,35,997,0,false,9.7,108.8,2004-05-14,2004-05-18,false,0,114,false
2004136N05148,2004,WP,OMAIS,60,980,0,false,10.3,134.9,2004-05-15,2004-05-22,false,0,790,false
2004136N15090,2004,NI,SIN NOMBRE,65,976,1,false,19.9,91.8,2004-05-14,2004-05-19,false,3,0,true
2004143N15252,2004,EP,AGATHA,50,997,0,false,17.1,-109.9,2004-05-22,2004-05-26,false,0,456,false
2004156N16117,2004,WP,CONSON,100,944,3,false,23.6,123.7,2004-06-04,2004-06-11,false,1,50,true
2004158N07142,2004,WP,CHANTHU,75,967,1,false,14.0,110.1,2004-06-05,2004-06-13,false,6,0,true
2004162N18068,2004,NI,SIN NOMBRE,30,992,-5,false,17.5,66.5,2004-06-10,2004-06-12,false,0,492,false
2004163N15090,2004,NI,SIN NOMBRE,30,992,-5,false,17.5,87.0,2004-06-11,2004-06-13,false,3,0,false
2004164N06139,2004,WP,DIANMU,155,879,5,true,15.1,136.0,2004-06-11,2004-06-21,false,2,11,true
2004174N14146,2004,WP,MINDULLE,125,916,4,true,18.8,124.1,2004-06-21,2004-07-04,false,6,0,true
2004177N12154,2004,WP,TINGTING,80,963,1,false,17.5,145.0,2004-06-24,2004-07-04,false,0,675,true
2004185N16241,2004,EP,SIN NOMBRE,30,1007,-1,false,17.1,-120.8,2004-07-02,2004-07-05,false,0,1203,false
2004186N06203,2004,EP,SIN NOMBRE,25,1007,-1,false,6.8,-164.7,2004-07-04,2004-07-06,false,0,1439,false
2004193N19136,2004,WP,KOMPASU,45,991,0,false,20.1,120.1,2004-07-12,2004-07-16,false,2,0,false
2004195N15255,2004,EP,BLAS,55,991,0,false,18.4,-110.8,2004-07-12,2004-07-19,false,0,433,false
2004201N14247,2004,EP,CELIA,75,981,1,false,16.3,-121.5,2004-07-19,2004-07-26,false,0,1005,true
2004206N20151,2004,WP,NAMTHEUN,115,927,4,true,27.0,146.6,2004-07-24,2004-08-01,false,4,11,true
2004209N12247,2004,EP,DARBY,105,957,3,false,16.8,-126.2,2004-07-26,2004-08-01,false,0,1159,true
2004214N12234,2004,EP,SIN NOMBRE,25,1008,-1,false,12.4,-126.1,2004-08-01,2004-08-02,false,0,2014,false
2004214N30282,2004,NA,ALEX,105,957,3,false,38.5,-66.0,2004-07-31,2004-08-06,false,0,56,true
2004215N22148,2004,WP,MALOU,35,997,0,false,29.9,137.7,2004-08-02,2004-08-05,false,2,11,false
2004216N16166,2004,WP,MERANTI,90,954,2,false,28.0,167.4,2004-08-02,2004-08-09,false,0,1737,true
2004217N13306,2004,NA,BONNIE,55,1001,0,false,26.4,-89.6,2004-08-03,2004-08-14,false,4,0,false
2004219N15137,2004,WP,RANANIM,90,954,2,false,24.5,125.1,2004-08-07,2004-08-13,false,3,0,true
2004222N24150,2004,WP,MALAKAS,35,994,0,false,26.7,158.4,2004-08-10,2004-08-13,false,0,1875,false
2004223N11301,2004,NA,CHARLEY,125,947,4,true,26.1,-82.4,2004-08-09,2004-08-15,false,8,0,true
2004227N09314,2004,NA,EARL,45,1009,0,false,11.5,-58.3,2004-08-13,2004-08-15,false,0,125,false
2004227N12338,2004,NA,DANIELLE,95,964,2,false,19.0,-38.2,2004-08-13,2004-08-24,false,0,537,true
2004227N15144,2004,WP,MEGI,65,976,1,false,28.5,125.2,2004-08-13,2004-08-20,false,1,18,true
2004230N09172,2004,WP,CHABA,155,879,5,true,15.2,143.6,2004-08-17,2004-08-31,false,5,0,true
2004231N09147,2004,WP,AERE,90,954,2,false,25.5,122.1,2004-08-17,2004-08-26,false,6,0,true
2004232N12228,2004,EP,ESTELLE,60,989,0,false,15.0,-140.8,2004-08-19,2004-08-25,false,0,577,false
2004236N17250,2004,EP,FRANK,75,979,1,false,19.5,-113.7,2004-08-23,2004-08-27,false,0,522,true
2004237N17236,2004,EP,SIN NOMBRE,30,1005,-1,false,17.8,-123.7,2004-08-23,2004-08-28,false,0,1397,false
2004238N11325,2004,NA,FRANCES,125,937,4,true,20.3,-65.0,2004-08-25,2004-09-10,false,22,0,true
2004238N13154,2004,WP,SIN NOMBRE,30,1000,-1,false,13.7,151.0,2004-08-25,2004-08-28,false,0,1783,false
2004239N11171,2004,WP,SONGDA,125,916,4,true,17.3,147.7,2004-08-26,2004-09-08,false,2,21,true
2004240N15254,2004,EP,GEORGETTE,55,995,0,false,17.9,-111.3,2004-08-26,2004-09-03,false,0,465,false
2004241N29295,2004,NA,HERMINE,50,1002,0,false,33.8,-71.5,2004-08-27,2004-08-31,false,2,8,false
2004241N32282,2004,NA,GASTON,65,986,1,false,32.8,-79.5,2004-08-27,2004-09-03,false,8,0,true
2004244N12257,2004,EP,HOWARD,120,943,4,true,17.8,-113.3,2004-08-30,2004-09-10,false,0,413,true
2004247N10332,2004,NA,IVAN,145,910,5,true,18.0,-79.0,2004-09-02,2004-09-24,false,19,0,true
2004248N14156,2004,WP,SARIKA,60,980,0,false,19.0,144.2,2004-09-04,2004-09-08,false,0,719,false
2004252N15250,2004,EP,ISIS,65,987,1,false,17.8,-131.8,2004-09-08,2004-09-21,false,0,708,true
2004252N32320,2004,NA,SIN NOMBRE,30,1009,-1,false,35.3,-35.0,2004-09-07,2004-09-10,false,0,1428,false
2004255N11267,2004,EP,JAVIER,130,930,4,true,15.9,-106.8,2004-09-10,2004-09-20,false,3,0,true
2004255N23120,2004,WP,HAIMA,35,997,0,false,24.4,122.1,2004-09-10,2004-09-13,false,8,0,false
2004256N23089,2004,NI,SIN NOMBRE,25,998,-5,false,23.0,88.5,2004-09-12,2004-09-15,false,4,0,false
2004258N16300,2004,NA,JEANNE,105,951,3,false,26.9,-78.2,2004-09-13,2004-09-29,false,23,0,true
2004260N11331,2004,NA,KARL,125,938,4,true,19.6,-47.3,2004-09-16,2004-09-28,false,3,0,true
2004263N13153,2004,WP,MEARI,125,916,4,true,20.1,133.3,2004-09-18,2004-09-30,false,5,0,true
2004264N13328,2004,NA,LISA,65,987,1,false,40.3,-41.6,2004-09-19,2004-10-03,false,0,1146,true
2004274N16069,2004,NI,SIN NOMBRE,35,997,0,false,20.3,66.6,2004-09-30,2004-10-10,false,5,0,false
2004275N14139,2004,WP,MA-ON,140,898,5,true,23.9,131.4,2004-10-01,2004-10-09,false,2,34,true
2004276N12087,2004,NI,SIN NOMBRE,25,1002,-5,false,12.0,86.5,2004-10-02,2004-10-04,false,1,0,false
2004279N14249,2004,EP,KAY,40,1004,0,false,14.4,-115.1,2004-10-04,2004-10-07,false,0,918,false
2004281N23087,2004,NI,SIN NOMBRE,25,1004,-5,false,23.5,88.0,2004-10-07,2004-10-07,false,1,0,false
2004283N24265,2004,NA,MATTHEW,40,997,0,false,24.6,-93.7,2004-10-08,2004-10-11,false,4,0,false
2004284N07157,2004,WP,TOKAGE,125,916,4,true,19.3,131.9,2004-10-10,2004-10-20,false,3,0,true
2004284N30295,2004,NA,NICOLE,45,986,-2,false,36.0,-61.8,2004-10-10,2004-10-11,false,0,685,false
2004286N14263,2004,EP,LESTER,45,1000,0,false,16.4,-99.6,2004-10-11,2004-10-13,false,3,30,false
2004288N09164,2004,WP,NOCK-TEN,110,933,3,false,17.4,132.3,2004-10-13,2004-10-26,false,2,30,true
2004299N18251,2004,EP,SIN NOMBRE,30,1004,-1,false,19.3,-109.1,2004-10-25,2004-10-26,false,1,0,false
2004307N09068,2004,NI,SIN NOMBRE,40,994,0,false,14.1,65.8,2004-11-01,2004-11-08,false,2,11,false
2004319N10134,2004,WP,MUIFA,115,927,4,true,15.8,123.9,2004-11-13,2004-11-26,false,7,10,true
2004327N16125,2004,WP,MERBOK,35,1000,-5,false,15.7,122.5,2004-11-22,2004-11-22,false,0,61,false
2004331N28320,2004,NA,OTTO,45,995,0,false,30.2,-48.8,2004-11-26,2004-12-05,false,0,1649,false
2004332N02072,2004,NI,SIN NOMBRE,65,976,1,false,2.7,65.0,2004-11-27,2004-12-05,false,3,0,true
2004333N06154,2004,WP,NANMADOL,130,910,4,true,13.7,126.8,2004-11-28,2004-12-04,false,3,0,true
2004344N06178,2004,WP,TALAS,50,987,0,false,10.0,155.4,2004-12-09,2004-12-20,false,0,660,false
2004352N10154,2004,WP,NORU,55,984,0,false,17.5,146.3,2004-12-16,2004-12-22,false,0,1482,false
2004243S03088,2005,SI,PHOEBE,55,984,0,false,-9.1,92.3,2004-08-31,2004-09-05,false,0,1036,false
2004299S09063,2005,SI,SIN NOMBRE,35,997,0,false,-9.1,52.2,2004-10-24,2004-10-29,false,0,163,false
2004312S05085,2005,SI,AROLA,65,976,1,false,-10.9,77.3,2004-11-06,2004-11-18,false,0,219,true
2004325S06078,2005,SI,BENTOJANA,140,898,5,true,-8.5,74.7,2004-11-19,2004-12-04,false,0,274,true
2004338S09113,2005,SI,SIN NOMBRE,35,997,0,false,-11.3,109.5,2004-12-03,2004-12-06,false,0,68,false
2004357S06095,2005,SI,CHAMBO,105,944,3,false,-17.4,78.8,2004-12-21,2005-01-03,false,0,670,true
2004357S16216,2005,SP,JUDY,45,987,-5,false,-21.7,-146.3,2004-12-21,2004-12-27,false,0,2760,false
2004365S13120,2005,SI,RAYMOND,50,987,0,false,-14.3,123.8,2004-12-30,2005-01-10,false,15,0,false
2005003S09177,2005,SP,KERRY,90,954,2,false,-18.1,159.2,2005-01-03,2005-01-18,false,1,48,true
2005006S09099,2005,SI,SALLY,45,991,0,false,-14.6,99.4,2005-01-06,2005-01-10,false,0,663,false
2005007N04085,2005,NI,SIN NOMBRE,30,1000,-1,false,4.2,83.7,2005-01-07,2005-01-10,false,0,121,false
2005012N04090,2005,NI,SIN NOMBRE,35,997,0,false,5.3,87.2,2005-01-11,2005-01-17,false,0,466,false
2005013N05153,2005,WP,KULAP,65,976,1,false,16.3,150.7,2005-01-13,2005-01-19,false,0,845,true
2005013S14124,2005,SI,SIN NOMBRE,35,997,0,false,-14.6,117.2,2005-01-13,2005-01-18,false,0,184,false
2005015S06089,2005,SI,DAREN,45,991,0,false,-12.3,80.3,2005-01-15,2005-01-23,false,0,277,false
2005017S09061,2005,SI,ERNEST,100,944,3,false,-20.6,42.0,2005-01-16,2005-01-25,false,2,10,true
2005022S14112,2005,SI,TIM,35,997,0,false,-15.6,109.5,2005-01-22,2005-01-26,false,0,569,false
2005026S20040,2005,SI,FELAPI,35,995,-5,false,-22.7,42.9,2005-01-26,2005-02-03,false,5,0,false
2005027S18168,2005,SP,LOLA,40,990,-5,false,-23.5,184.4,2005-01-27,2005-02-02,false,1,11,false
2005029S11072,2005,SI,GERARD,60,980,0,false,-24.8,57.5,2005-01-29,2005-02-05,false,0,217,false
2005032S14195,2005,SP,MEENA,125,916,4,true,-17.4,-162.2,2005-02-01,2005-02-11,false,0,459,true
2005035S14136,2005,SP,HARVEY,50,987,0,false,-16.1,138.0,2005-02-03,2005-02-08,false,7,0,false
2005035S15118,2005,SI,VIVIENNE,35,995,0,false,-16.4,116.3,2005-02-04,2005-02-09,false,0,470,false
2005041S13181,2005,SP,OLAF,145,892,5,true,-12.8,-171.2,2005-02-10,2005-02-23,false,0,145,true
2005042S12190,2005,SP,NANCY,125,916,4,true,-15.2,-160.9,2005-02-10,2005-02-18,false,0,297,true
2005054S09173,2005,SP,PERCY,140,898,5,true,-15.7,194.8,2005-02-23,2005-03-05,false,0,382,true
2005060S12179,2005,SP,RAE,35,997,0,false,-21.8,196.2,2005-02-28,2005-03-08,false,0,141,false
2005063S12141,2005,SP,INGRID,135,904,4,true,-11.5,134.9,2005-03-04,2005-03-17,false,22,0,true
2005067S12120,2005,SI,WILLY,90,954,2,false,-17.3,112.1,2005-03-08,2005-03-14,false,0,171,true
2005071N06152,2005,WP,ROKE,80,963,1,false,11.9,131.2,2005-03-12,2005-03-17,false,2,0,true
2005079S10067,2005,SI,HENNIE,65,976,1,false,-20.4,58.8,2005-03-19,2005-04-01,false,0,104,true
2005089S10085,2005,SI,ISANG,55,982,0,false,-24.6,66.5,2005-03-29,2005-04-08,false,0,813,false
2005092S11102,2005,SI,ADELINE:JULIET,125,916,4,true,-17.3,70.0,2005-04-01,2005-04-16,false,0,491,true
2005103S08138,2005,SP,SIN NOMBRE,40,990,-5,false,-9.6,145.6,2005-04-13,2005-04-15,false,7,0,false
2005107N07151,2005,WP,SONCA,115,927,4,true,14.5,130.8,2005-04-16,2005-04-27,false,0,603,true
2005110S17180,2005,SP,SHEILA,40,990,-5,false,-19.3,193.5,2005-04-20,2005-04-23,false,2,22,false
2005138N10265,2005,EP,ADRIAN,70,983,1,false,12.5,-90.6,2005-05-17,2005-05-21,false,2,0,true
2005148N06156,2005,WP,NESAT,125,916,4,true,14.1,131.8,2005-05-27,2005-06-11,false,0,320,true
2005160N17276,2005,NA,ARLENE,60,990,0,false,26.5,-85.6,2005-06-08,2005-06-14,false,11,0,false
2005172N22069,2005,NI,SIN NOMBRE,25,992,-5,false,22.0,68.0,2005-06-21,2005-06-22,false,0,98,false
2005173N14258,2005,EP,BEATRIZ,45,1000,0,false,15.7,-107.1,2005-06-21,2005-06-26,false,0,408,false
2005177N13263,2005,EP,CALVIN,45,1000,0,false,14.7,-99.4,2005-06-26,2005-07-03,false,0,186,false
2005179N22088,2005,NI,SIN NOMBRE,25,990,-5,false,21.5,88.0,2005-06-27,2005-07-05,false,9,0,false
2005180N20265,2005,NA,BRET,35,1005,0,false,20.0,-95.8,2005-06-28,2005-06-30,false,4,0,false
2005185N15261,2005,EP,DORA,40,1002,0,false,16.1,-99.7,2005-07-04,2005-07-06,false,4,30,false
2005185N18273,2005,NA,CINDY,65,992,1,false,28.5,-90.3,2005-07-03,2005-07-11,false,20,0,true
2005186N12299,2005,NA,DENNIS,130,930,4,true,20.9,-79.5,2005-07-04,2005-07-18,false,35,0,true
2005192N11318,2005,NA,EMILY,140,929,5,true,17.1,-79.5,2005-07-11,2005-07-21,false,8,0,true
2005192N22155,2005,WP,HAITANG,140,898,5,true,20.7,127.7,2005-07-10,2005-07-20,false,8,0,true
2005199N15256,2005,EP,EUGENE,60,989,0,false,19.5,-108.7,2005-07-18,2005-07-21,false,0,181,false
2005199N21168,2005,WP,NALGAE,55,984,0,false,27.7,160.4,2005-07-18,2005-07-24,false,0,1638,false
2005202N13138,2005,WP,BANYAN,60,980,0,false,23.5,137.3,2005-07-21,2005-07-28,false,2,9,false
2005203N25285,2005,NA,FRANKLIN,60,997,0,false,29.2,-75.4,2005-07-21,2005-07-31,false,0,145,false
2005205N19267,2005,NA,GERT,40,1005,0,false,21.8,-97.6,2005-07-23,2005-07-25,false,4,0,false
2005210N19115,2005,WP,WASHI,45,991,0,false,19.2,110.2,2005-07-28,2005-07-31,false,7,0,false
2005210N21088,2005,NI,SIN NOMBRE,30,988,-5,false,21.5,85.5,2005-07-29,2005-07-31,false,3,0,false
2005211N09141,2005,WP,MATSA,90,954,2,false,24.6,124.2,2005-07-29,2005-08-07,false,7,0,true
2005215N14224,2005,EP,SIN NOMBRE,25,1008,-1,false,15.0,-140.5,2005-08-02,2005-08-05,false,0,1171,false
2005215N28291,2005,NA,HARVEY,55,994,0,false,32.0,-62.1,2005-08-02,2005-08-14,false,0,854,false
2005217N13327,2005,NA,IRENE,90,970,2,false,36.5,-62.0,2005-08-04,2005-08-18,false,0,497,true
2005222N14131,2005,WP,SANVU,65,976,1,false,22.8,117.2,2005-08-09,2005-08-14,false,6,0,true
2005222N14246,2005,EP,FERNANDA,75,978,1,false,17.9,-122.6,2005-08-09,2005-08-17,false,0,1073,true
2005223N13251,2005,EP,GREG,45,1000,0,false,13.6,-111.5,2005-08-11,2005-08-15,false,0,835,false
2005226N13316,2005,NA,SIN NOMBRE,30,1008,-1,false,13.8,-44.7,2005-08-13,2005-08-18,false,0,581,false
2005229N21156,2005,WP,GUCHOL,65,976,1,false,33.5,148.2,2005-08-17,2005-08-25,false,0,685,true
2005230N20144,2005,WP,MAWAR,125,916,4,true,23.0,139.8,2005-08-18,2005-08-27,false,3,0,true
2005232N13263,2005,EP,HILARY,90,970,2,false,17.2,-108.5,2005-08-19,2005-08-28,false,0,257,true
2005235N19266,2005,NA,JOSE,45,1001,0,false,19.7,-95.7,2005-08-22,2005-08-23,false,2,0,false
2005236N23285,2005,NA,KATRINA,150,902,5,true,26.3,-88.6,2005-08-23,2005-08-31,false,11,0,true
2005237N14148,2005,WP,TALIM,130,910,4,true,21.8,128.4,2005-08-24,2005-09-02,false,6,0,true
2005238N17255,2005,EP,IRWIN,45,1000,0,false,17.7,-108.7,2005-08-25,2005-09-02,false,0,201,false
2005241N14315,2005,NA,LEE,35,1006,0,false,29.0,-50.4,2005-08-28,2005-09-03,false,0,1023,false
2005241N15155,2005,WP,NABI,140,898,5,true,18.8,138.5,2005-08-28,2005-09-08,false,4,0,true
2005245N19315,2005,NA,MARIA,100,962,3,false,32.6,-56.6,2005-09-01,2005-09-14,false,1,50,true
2005248N08142,2005,WP,KHANUN,115,927,4,true,26.1,123.5,2005-09-05,2005-09-12,false,6,0,true
2005249N26281,2005,NA,OPHELIA,75,976,1,false,31.7,-75.9,2005-09-06,2005-09-23,false,8,0,true
2005249N28293,2005,NA,NATE,80,979,1,false,32.6,-61.1,2005-09-05,2005-09-12,false,0,1006,true
2005255N15246,2005,EP,JOVA,110,951,3,false,16.0,-143.3,2005-09-12,2005-09-25,false,0,354,true
2005255N20088,2005,NI,SIN NOMBRE,25,992,-5,false,21.0,85.0,2005-09-12,2005-09-16,false,5,0,false
2005257N15120,2005,WP,VICENTE,50,987,0,false,17.2,108.5,2005-09-14,2005-09-18,false,2,0,false
2005257N20069,2005,NI,SIN NOMBRE,25,996,-5,false,20.5,68.0,2005-09-14,2005-09-16,false,0,60,false
2005258N12242,2005,EP,KENNETH,115,947,4,true,14.2,-129.2,2005-09-14,2005-09-30,false,0,63,true
2005260N20091,2005,NI,SIN NOMBRE,35,988,-5,false,19.5,86.5,2005-09-17,2005-09-21,false,8,0,false
2005261N13245,2005,EP,LIDIA,35,1005,0,false,12.4,-115.2,2005-09-17,2005-09-19,false,0,1064,false
2005261N13306,2005,NA,PHILIPPE,70,985,1,false,17.7,-56.6,2005-09-17,2005-09-24,false,0,733,true
2005261N14252,2005,EP,MAX,70,987,1,false,19.3,-118.8,2005-09-17,2005-09-22,false,0,700,true
2005261N21290,2005,NA,RITA,155,897,5,true,24.8,-87.6,2005-09-18,2005-09-26,false,9,0,true
2005262N13127,2005,WP,DAMREY,90,954,2,false,19.0,112.4,2005-09-20,2005-09-27,false,10,0,true
2005262N20155,2005,WP,SAOLA,100,944,3,false,28.4,138.7,2005-09-19,2005-09-26,false,0,205,true
2005266N15252,2005,EP,NORMA,50,997,0,false,16.3,-110.8,2005-09-23,2005-10-01,false,0,527,false
2005268N19146,2005,WP,LONGWANG,125,916,4,true,22.5,136.2,2005-09-25,2005-10-03,false,7,0,true
2005271N17255,2005,EP,OTIS,90,970,2,false,21.6,-111.5,2005-09-28,2005-10-05,false,4,10,true
2005274N12327,2005,NA,SIN NOMBRE,30,1006,-1,false,12.2,-33.0,2005-09-30,2005-10-02,false,0,1677,false
2005274N17086,2005,NI,SIN NOMBRE,40,994,0,false,20.2,87.1,2005-10-01,2005-10-03,false,4,0,false
2005275N19274,2005,NA,STAN,70,977,1,false,18.6,-94.9,2005-10-01,2005-10-05,false,8,0,true
2005277N34328,2005,NA,SIN NOMBRE,45,997,-2,false,37.1,-26.7,2005-10-04,2005-10-05,false,0,1105,false
2005278N27280,2005,NA,TAMMY,45,1001,0,false,29.5,-80.9,2005-10-05,2005-10-07,false,8,0,false
2005279N17111,2005,WP,SIN NOMBRE,30,1000,-1,false,16.7,109.0,2005-10-06,2005-10-08,false,4,0,false
2005281N26303,2005,NA,SIN NOMBRE,40,1005,-2,false,38.7,-73.5,2005-10-08,2005-10-14,false,1,35,false
2005281N33339,2005,NA,VINCE,65,988,1,false,34.1,-18.9,2005-10-08,2005-10-11,false,2,0,true
2005282N22138,2005,WP,KIROGI,115,927,4,true,24.6,133.5,2005-10-10,2005-10-19,false,0,323,true
2005288N11259,2005,EP,SIN NOMBRE,30,1005,-1,false,11.0,-101.2,2005-10-15,2005-10-21,false,0,656,false
2005289N18282,2005,NA,WILMA,160,882,5,true,17.3,-82.8,2005-10-15,2005-10-26,false,7,0,true
2005296N16293,2005,NA,ALPHA,45,998,0,false,17.3,-69.6,2005-10-22,2005-10-24,false,4,0,false
2005298N12088,2005,NI,SIN NOMBRE,35,997,0,false,12.6,83.0,2005-10-25,2005-10-29,false,4,0,false
2005300N10279,2005,NA,BETA,100,962,3,false,13.3,-83.1,2005-10-26,2005-10-31,false,4,0,true
2005301N13117,2005,WP,KAI-TAK,85,958,2,false,14.7,111.5,2005-10-27,2005-11-02,false,5,0,true
2005311N08140,2005,WP,TEMBIN,45,991,0,false,14.5,126.2,2005-11-06,2005-11-12,false,3,0,false
2005316N05134,2005,WP,BOLAVEN,70,972,1,false,13.4,128.7,2005-11-12,2005-11-20,false,3,0,true
2005318N13298,2005,NA,GAMMA,45,1002,0,false,16.1,-85.4,2005-11-14,2005-11-22,false,9,0,false
2005324N08085,2005,NI,SIN NOMBRE,25,1002,-5,false,8.0,84.5,2005-11-20,2005-11-22,false,4,0,false
2005324N27312,2005,NA,DELTA,60,980,0,false,24.8,-39.0,2005-11-19,2005-11-29,false,2,0,false
2005330N09096,2005,NI,BAAZ,45,991,0,false,10.8,87.7,2005-11-26,2005-12-04,false,5,0,false
2005333N32311,2005,NA,EPSILON,75,981,1,false,34.0,-36.7,2005-11-29,2005-12-09,false,0,1461,true
2005338N09093,2005,NI,FANOOS,60,980,0,false,10.4,83.4,2005-12-04,2005-12-12,false,6,0,false
2005349N06090,2005,NI,SIN NOMBRE,45,991,0,false,10.0,83.0,2005-12-14,2005-12-24,false,0,217,false
2005350N08127,2005,WP,SIN NOMBRE,45,991,0,false,9.0,111.6,2005-12-15,2005-12-21,false,6,10,false
2005364N24324,2005,NA,ZETA,55,994,0,false,25.0,-38.6,2005-12-30,2006-01-07,false,0,1346,false
2005287S09084,2006,SI,SIN NOMBRE,40,994,0,false,-12.0,81.4,2005-10-13,2005-10-17,false,0,1738,false
2005308S07098,2006,SI,SIN NOMBRE,35,997,0,false,-10.8,93.6,2005-11-04,2005-11-08,false,0,596,false
2005322S04095,2006,SI,ALVIN:BERTIE,115,927,4,true,-12.5,90.3,2005-11-18,2005-12-02,false,0,478,true
2005351S09084,2006,SI,SIN NOMBRE,35,997,0,false,-12.6,85.0,2005-12-17,2005-12-29,false,0,291,false
2006006S11129,2006,SI,CLARE,60,980,0,false,-18.8,117.6,2006-01-06,2006-01-10,false,6,0,false
2006007S15182,2006,SP,TAM,40,994,0,false,-18.5,188.8,2006-01-06,2006-01-14,false,0,134,false
2006012N03081,2006,NI,SIN NOMBRE,45,991,0,false,5.7,75.6,2006-01-12,2006-01-19,false,0,291,false
2006013S13184,2006,SP,URMIL,60,980,0,false,-20.0,-172.8,2006-01-13,2006-01-15,false,0,196,false
2006017S15126,2006,SI,DARYL,50,987,0,false,-17.5,120.7,2006-01-17,2006-01-23,false,6,0,false
2006021S11053,2006,SI,BOLOETSE,100,944,3,false,-22.5,41.8,2006-01-20,2006-02-06,false,7,0,true
2006025S18147,2006,SP,JIM,80,963,1,false,-18.8,165.5,2006-01-25,2006-02-02,false,0,63,true
2006040S15181,2006,SP,VAIANU,75,967,1,false,-21.7,-176.8,2006-02-09,2006-02-17,false,0,148,true
2006049S16051,2006,SI,SIN NOMBRE,45,991,0,false,-18.9,56.8,2006-02-18,2006-02-23,false,0,57,false
2006053S11144,2006,SP,KATE,45,989,0,false,-11.2,146.6,2006-02-22,2006-02-24,false,0,88,false
2006054S09082,2006,SI,CARINA,130,910,4,true,-16.2,79.0,2006-02-22,2006-03-06,false,0,1698,true
2006055S10138,2006,SP,SIN NOMBRE,35,1001,-5,false,-9.1,130.3,2006-02-24,2006-03-06,false,5,10,false
2006057S12114,2006,SI,EMMA,35,988,0,false,-19.5,115.4,2006-02-25,2006-03-01,false,6,0,false
2006060N04141,2006,WP,SIN NOMBRE,35,997,0,false,5.5,138.3,2006-03-01,2006-03-07,false,0,510,false
2006060S13058,2006,SI,DIWA,55,983,0,false,-27.7,56.7,2006-03-01,2006-03-11,false,0,149,false
2006074S13158,2006,SP,LARRY,115,937,4,true,-17.5,146.8,2006-03-14,2006-03-21,false,7,0,true
2006075S14185,2006,SP,WATI,80,963,1,false,-18.0,153.7,2006-03-15,2006-03-26,false,1,44,true
2006078S12119,2006,SI,FLOYD,115,927,4,true,-15.1,108.2,2006-03-18,2006-03-27,false,0,198,true
2006081S14129,2006,SI,GLENDA,120,922,4,true,-16.7,120.4,2006-03-22,2006-03-31,false,18,0,true
2006093S15115,2006,SI,HUBERT,55,984,0,false,-18.3,115.5,2006-04-02,2006-04-08,false,5,0,false
2006094S08087,2006,SI,ELIA,50,985,0,false,-14.1,88.6,2006-04-03,2006-04-17,false,0,822,false
2006106S10153,2006,SP,MONICA,155,879,5,true,-11.3,136.7,2006-04-16,2006-04-27,false,19,0,true
2006114N08090,2006,NI,MALA,120,922,4,true,15.6,92.7,2006-04-24,2006-04-29,false,2,0,true
2006128N09138,2006,WP,CHANCHU,125,916,4,true,14.1,115.3,2006-05-07,2006-05-19,false,12,0,true
2006147N15259,2006,EP,ALETTA,40,1002,0,false,15.6,-101.4,2006-05-27,2006-05-31,false,0,144,false
2006155N16257,2006,EP,SIN NOMBRE,30,1005,-1,false,16.4,-102.5,2006-06-03,2006-06-05,false,2,33,false
2006161N20275,2006,NA,ALBERTO,60,969,0,false,26.8,-86.3,2006-06-10,2006-06-19,false,10,0,false
2006174N08135,2006,WP,JELAWAT,45,991,0,false,18.5,112.8,2006-06-22,2006-06-29,false,10,0,false
2006180N06140,2006,WP,EWINIAR,130,910,4,true,17.9,130.8,2006-06-29,2006-07-10,false,3,0,true
2006182N20088,2006,NI,SIN NOMBRE,35,982,0,false,20.4,87.4,2006-06-30,2006-07-05,false,11,0,false
2006188N10143,2006,WP,BILIS,50,985,0,false,17.6,130.6,2006-07-07,2006-07-15,false,5,0,false
2006192N13250,2006,EP,BUD,110,953,3,false,17.2,-119.8,2006-07-11,2006-07-17,false,0,891,true
2006193N13258,2006,EP,CARLOTTA,75,981,1,false,17.7,-110.8,2006-07-12,2006-07-20,false,0,404,true
2006198N08152,2006,WP,KAEMI,75,967,1,false,16.1,131.7,2006-07-17,2006-07-26,false,6,0,true
2006198N12252,2006,EP,DANIEL,130,933,4,true,13.5,-128.0,2006-07-16,2006-07-28,false,0,368,true
2006198N37291,2006,NA,SIN NOMBRE,45,998,0,false,41.1,-63.7,2006-07-16,2006-07-19,false,2,11,false
2006200N32287,2006,NA,BERYL,50,1000,0,false,35.9,-73.5,2006-07-18,2006-07-22,false,5,0,false
2006203N12257,2006,EP,EMILIA,55,990,0,false,18.0,-107.7,2006-07-21,2006-07-31,false,0,101,false
2006209N13130,2006,WP,PRAPIROON,70,972,1,false,20.2,112.7,2006-07-28,2006-08-05,false,10,0,true
2006213N13256,2006,EP,GILMA,35,1004,0,false,13.8,-105.1,2006-08-01,2006-08-05,false,0,495,false
2006213N14239,2006,EP,FABIO,45,1000,0,false,14.7,-126.6,2006-07-31,2006-08-05,false,0,688,false
2006213N16302,2006,NA,CHRIS,55,1001,0,false,18.5,-62.2,2006-08-01,2006-08-06,false,5,0,false
2006214N20088,2006,NI,SIN NOMBRE,30,986,-5,false,20.0,86.5,2006-08-02,2006-08-05,false,11,0,false
2006216N07151,2006,WP,SAOMAI,140,898,5,true,25.4,125.3,2006-08-04,2006-08-12,false,8,0,true
2006216N21152,2006,WP,MARIA,60,980,0,false,27.6,141.6,2006-08-03,2006-08-10,false,2,28,false
2006217N20134,2006,WP,BOPHA,55,984,0,false,22.9,121.6,2006-08-05,2006-08-11,false,3,30,false
2006224N21088,2006,NI,SIN NOMBRE,25,992,-5,false,21.0,88.0,2006-08-12,2006-08-13,false,2,0,false
2006224N21141,2006,WP,WUKONG,55,984,0,false,32.0,131.1,2006-08-12,2006-08-20,false,8,0,false
2006225N17126,2006,WP,SONAMU,45,991,0,false,20.2,133.8,2006-08-13,2006-08-16,false,0,58,false
2006228N10218,2006,EP,IOKE,140,900,5,true,19.1,185.8,2006-08-16,2006-09-06,false,0,469,true
2006228N13247,2006,EP,HECTOR,95,966,2,false,15.6,-124.0,2006-08-15,2006-08-24,false,0,1159,true
2006228N21088,2006,NI,SIN NOMBRE,25,988,-5,false,20.5,87.5,2006-08-16,2006-08-18,false,8,0,false
2006234N12258,2006,EP,ILEANA,105,955,3,false,17.8,-111.0,2006-08-21,2006-08-29,false,0,517,true
2006234N12338,2006,NA,DEBBY,45,999,0,false,16.7,-31.0,2006-08-21,2006-08-28,false,0,540,false
2006234N18109,2006,WP,SIN NOMBRE,30,1002,-1,false,21.5,112.6,2006-08-22,2006-08-25,false,3,0,false
2006237N13298,2006,NA,ERNESTO,65,985,1,false,16.9,-72.7,2006-08-24,2006-09-04,false,24,0,true
2006240N12265,2006,EP,JOHN,115,948,4,true,16.0,-101.7,2006-08-28,2006-09-04,false,11,0,true
2006241N20088,2006,NI,SIN NOMBRE,25,990,-5,false,20.5,86.5,2006-08-29,2006-09-01,false,13,0,false
2006242N16246,2006,EP,KRISTY,70,985,1,false,17.8,-116.4,2006-08-30,2006-09-09,false,0,865,true
2006247N14321,2006,NA,FLORENCE,80,963,1,false,29.3,-66.1,2006-09-03,2006-09-19,false,1,37,true
2006247N21089,2006,NI,SIN NOMBRE,25,992,-5,false,20.5,88.5,2006-09-03,2006-09-04,false,4,0,false
2006252N13139,2006,WP,SHANSHAN,120,922,4,true,23.1,123.8,2006-09-09,2006-09-18,false,1,24,true
2006253N20120,2006,WP,SIN NOMBRE,30,1000,-1,false,19.5,115.4,2006-09-12,2006-09-13,false,2,0,false
2006254N20306,2006,NA,GORDON,105,955,3,false,27.3,-57.4,2006-09-10,2006-09-24,false,2,0,true
2006256N12338,2006,NA,HELENE,105,955,3,false,22.0,-49.4,2006-09-12,2006-09-27,false,1,13,true
2006257N16259,2006,EP,LANE,110,952,3,false,23.1,-107.1,2006-09-13,2006-09-17,false,4,0,true
2006258N11215,2006,EP,SIN NOMBRE,30,1007,-1,false,9.9,-157.5,2006-09-14,2006-09-23,false,0,1012,false
2006259N17245,2006,EP,MIRIAM,40,999,0,false,18.5,-114.1,2006-09-16,2006-09-21,false,0,60,false
2006259N19155,2006,WP,YAGI,140,898,5,true,21.5,146.2,2006-09-16,2006-09-25,false,0,547,true
2006262N19069,2006,NI,MUKDA,55,984,0,false,20.8,67.1,2006-09-19,2006-09-26,false,0,246,false
2006264N13115,2006,WP,SIN NOMBRE,30,1000,-1,false,14.3,111.9,2006-09-21,2006-09-25,false,0,72,false
2006264N23087,2006,NI,SIN NOMBRE,25,996,-5,false,23.0,86.5,2006-09-21,2006-09-24,false,12,0,false
2006268N10187,2006,EP,SIN NOMBRE,30,1008,-1,false,11.2,-177.8,2006-09-25,2006-09-27,false,0,1938,false
2006268N12129,2006,WP,XANGSANE,125,916,4,true,13.2,123.7,2006-09-25,2006-10-02,false,11,0,true
2006271N18089,2006,NI,SIN NOMBRE,35,997,0,false,18.5,87.2,2006-09-28,2006-09-30,false,3,0,false
2006271N26307,2006,NA,ISAAC,75,985,1,false,32.0,-59.8,2006-09-27,2006-10-03,false,0,120,true
2006272N13144,2006,WP,BEBINCA,35,992,0,false,15.3,130.9,2006-10-03,2006-10-06,false,0,542,false
2006276N18151,2006,WP,RUMBIA,30,998,-1,false,23.6,151.9,2006-10-03,2006-10-06,false,0,1141,false
2006281N11201,2006,EP,SIN NOMBRE,30,1007,-1,false,13.7,-166.3,2006-10-07,2006-10-16,false,0,651,false
2006282N13160,2006,WP,SOULIK,90,954,2,false,23.8,141.0,2006-10-08,2006-10-16,false,0,610,true
2006282N14243,2006,EP,NORMAN,45,1000,0,false,16.2,-117.9,2006-10-09,2006-10-15,false,1,38,false
2006283N13232,2006,EP,OLIVIA,40,1000,0,false,14.5,-127.3,2006-10-09,2006-10-14,false,0,959,false
2006294N16254,2006,EP,PAUL,90,970,2,false,16.3,-111.4,2006-10-21,2006-10-26,false,2,10,true
2006298N12143,2006,WP,CIMARON,140,898,5,true,16.3,123.6,2006-10-25,2006-11-07,false,3,0,true
2006300N07078,2006,NI,SIN NOMBRE,55,984,0,false,15.5,80.5,2006-10-27,2006-10-30,false,13,0,false
2006300N17256,2006,EP,SIN NOMBRE,30,1007,-1,false,16.7,-103.9,2006-10-26,2006-10-29,false,0,183,false
2006311N16143,2006,WP,CHEBI,125,916,4,true,16.2,124.3,2006-11-07,2006-11-15,false,2,0,true
2006312N13256,2006,EP,ROSA,35,1002,0,false,14.8,-105.2,2006-11-08,2006-11-10,false,0,370,false
2006315N13248,2006,EP,SIN NOMBRE,30,1007,-1,false,13.1,-112.3,2006-11-11,2006-11-11,false,0,1050,false
2006318N12256,2006,EP,SERGIO,95,965,2,false,12.0,-103.7,2006-11-13,2006-11-20,false,0,346,true
2006329N06150,2006,WP,DURIAN,135,904,4,true,13.3,126.4,2006-11-24,2006-12-09,false,9,0,true
2006340N08142,2006,WP,UTOR,100,944,3,false,12.2,121.7,2006-12-06,2006-12-15,false,5,0,true
2006349N08157,2006,WP,TRAMI,30,1000,-1,false,10.8,141.4,2006-12-15,2006-12-18,false,0,843,false
2006294S10168,2007,SP,XAVIER,115,927,4,true,-13.2,169.1,2006-10-20,2006-10-26,false,0,303,true
2006322S09172,2007,SP,YANI,70,972,1,false,-13.9,163.2,2006-11-18,2006-11-27,false,0,132,true
2006330S06049,2007,SI,ANITA,45,989,0,false,-12.1,42.0,2006-11-26,2006-12-04,false,0,120,false
2006335S10164,2007,SP,SIN NOMBRE,35,997,0,false,-11.7,164.9,2006-12-01,2006-12-03,false,0,188,false
2006350S07071,2007,SI,BONDO,135,904,4,true,-10.7,57.4,2006-12-15,2006-12-28,false,8,0,true
2006364S12058,2007,SI,CLOVIS,65,976,1,false,-20.1,50.3,2006-12-29,2007-01-04,false,7,0,true
2006365S12114,2007,SI,ISOBEL,40,994,0,false,-17.6,119.6,2006-12-31,2007-01-03,false,0,107,false
2007021S12183,2007,SP,ARTHUR,65,974,1,false,-15.1,-162.9,2007-01-20,2007-01-29,false,1,31,true
2007021S12195,2007,SP,ZITA,60,980,0,false,-17.7,-153.4,2007-01-20,2007-01-24,false,0,768,false
2007027S07069,2007,SI,DORA,115,927,4,true,-18.6,67.4,2007-01-26,2007-02-13,false,0,571,true
2007032S11137,2007,SP,NELSON,50,987,0,false,-16.3,141.3,2007-01-31,2007-02-07,false,10,0,false
2007033S12177,2007,SP,SIN NOMBRE,35,997,0,false,-15.6,178.1,2007-02-01,2007-02-05,false,1,44,false
2007037S19050,2007,SI,ENOK,55,981,0,false,-16.2,59.2,2007-02-05,2007-02-13,false,0,64,false
2007043S11071,2007,SI,FAVIO,120,922,4,true,-24.5,39.9,2007-02-11,2007-02-23,false,6,0,true
2007050S16079,2007,SI,GAMEDE,105,938,3,false,-18.5,54.0,2007-02-19,2007-03-06,false,0,235,true
2007052S10093,2007,SI,HUMBA,80,963,1,false,-19.3,78.7,2007-02-20,2007-03-03,false,0,1221,true
2007058S12135,2007,SP,GEORGE,110,941,3,false,-19.9,119.0,2007-02-27,2007-03-12,false,42,0,true
2007062S14119,2007,SI,JACOB,75,967,1,false,-16.3,110.5,2007-03-02,2007-03-12,false,4,0,true
2007066S12066,2007,SI,INDLALA,120,927,4,true,-14.7,51.0,2007-03-07,2007-03-19,false,10,0,true
2007082S16125,2007,SI,KARA,105,944,3,false,-18.6,116.8,2007-03-23,2007-03-30,false,6,0,true
2007084S12157,2007,SP,BECKY,70,970,1,false,-19.8,168.2,2007-03-24,2007-03-29,false,0,61,true
2007085S11085,2007,SI,JAYA,110,941,3,false,-14.8,60.3,2007-03-26,2007-04-08,false,6,0,true
2007090N06158,2007,WP,KONG-REY,100,948,3,false,17.7,144.3,2007-03-30,2007-04-05,false,0,1253,true
2007091S14175,2007,SP,CLIFF,55,982,0,false,-22.5,183.7,2007-04-01,2007-04-06,false,1,15,false
2007100S22037,2007,SI,SIN NOMBRE,50,992,-5,false,-28.3,39.3,2007-04-09,2007-04-13,false,0,154,false
2007127N36286,2007,NA,ANDREA,65,998,-2,false,33.3,-72.3,2007-05-06,2007-05-14,false,0,84,true
2007133N15091,2007,NI,AKASH,65,976,1,false,21.2,92.1,2007-05-13,2007-05-15,false,2,0,true
2007135N08147,2007,WP,YUTU,130,926,4,true,19.8,135.3,2007-05-15,2007-05-22,false,0,813,true
2007136S10158,2007,SP,PIERRE,30,1000,-1,false,-11.1,157.4,2007-05-15,2007-05-23,false,4,0,false
2007147N13249,2007,EP,ALVIN,35,1003,0,false,12.8,-113.1,2007-05-27,2007-06-06,false,0,947,false
2007150N14263,2007,EP,BARBARA,45,1000,0,false,13.2,-94.4,2007-05-29,2007-06-02,false,2,0,false
2007151N14072,2007,NI,GONU,145,898,5,true,20.0,64.1,2007-05-31,2007-06-08,false,3,0,true
2007151N18273,2007,NA,BARRY,50,990,0,false,24.3,-85.2,2007-05-31,2007-06-05,false,10,0,false
2007163N15250,2007,EP,SIN NOMBRE,30,1004,-1,false,15.5,-110.3,2007-06-11,2007-06-15,false,0,636,false
2007172N15088,2007,NI,SIN NOMBRE,50,985,0,false,24.8,65.3,2007-06-20,2007-06-27,false,17,0,false
2007178N18089,2007,NI,SIN NOMBRE,45,988,0,false,19.0,86.2,2007-06-27,2007-06-30,false,6,0,false
2007184N16112,2007,WP,TORAJI,35,996,0,false,20.2,108.7,2007-07-03,2007-07-06,false,8,0,false
2007188N04148,2007,WP,MAN-YI,125,929,4,true,21.0,129.2,2007-07-06,2007-07-16,false,2,0,true
2007191N17241,2007,EP,SIN NOMBRE,30,1006,-1,false,17.0,-118.6,2007-07-09,2007-07-11,false,0,1093,false
2007196N11234,2007,EP,COSME,65,987,1,false,14.4,-130.9,2007-07-14,2007-07-24,false,0,290,true
2007196N15246,2007,EP,SIN NOMBRE,30,1006,-1,false,15.4,-114.2,2007-07-14,2007-07-16,false,0,947,false
2007203N13255,2007,EP,DALILA,50,995,0,false,18.1,-110.6,2007-07-22,2007-07-30,false,0,373,false
2007208N20155,2007,WP,USAGI,120,933,4,true,25.1,137.0,2007-07-27,2007-08-04,false,4,0,true
2007212N36294,2007,NA,CHANTAL,60,964,0,false,49.0,-49.5,2007-07-31,2007-08-05,false,0,91,false
2007213N12115,2007,WP,SIN NOMBRE,30,1000,-1,false,13.3,113.0,2007-08-01,2007-08-07,false,2,38,false
2007213N13238,2007,EP,ERICK,35,1004,0,false,13.0,-124.2,2007-07-31,2007-08-02,false,0,1713,false
2007216N18138,2007,WP,PABUK,70,970,1,false,22.0,122.1,2007-08-04,2007-08-10,false,5,30,true
2007219N15130,2007,WP,WUTIP,30,1000,-1,false,18.0,127.4,2007-08-06,2007-08-09,false,1,20,false
2007221N13234,2007,EP,FLOSSIE,120,949,4,true,13.2,-141.7,2007-08-08,2007-08-16,false,0,170,true
2007223N19136,2007,WP,SEPAT,140,918,5,true,16.7,127.2,2007-08-11,2007-08-19,false,7,0,true
2007225N12331,2007,NA,DEAN,150,907,5,true,18.6,-86.9,2007-08-13,2007-08-23,false,5,0,true
2007227N24269,2007,NA,ERIN,50,995,0,false,35.6,-98.8,2007-08-15,2007-08-19,false,14,0,false
2007240N17153,2007,WP,FITOW,80,963,1,false,26.6,155.3,2007-08-28,2007-09-07,false,5,0,true
2007242N13264,2007,EP,HENRIETTE,75,972,1,false,21.7,-109.3,2007-08-30,2007-09-06,false,5,0,true
2007242N19251,2007,EP,GIL,40,1001,0,false,19.2,-112.2,2007-08-29,2007-09-03,false,0,362,false
2007244N12303,2007,NA,FELIX,150,930,5,true,13.8,-73.0,2007-08-31,2007-09-06,false,10,0,true
2007249N24161,2007,WP,DANAS,65,974,1,false,38.2,150.2,2007-09-06,2007-09-11,false,0,662,true
2007251N30288,2007,NA,GABRIELLE,50,1004,0,false,34.3,-76.4,2007-09-08,2007-09-11,false,3,8,false
2007254N18140,2007,WP,NARI,125,929,4,true,26.7,126.5,2007-09-11,2007-09-17,false,2,0,true
2007255N13316,2007,NA,INGRID,40,1002,0,false,15.3,-49.9,2007-09-12,2007-09-18,false,0,387,false
2007255N27265,2007,NA,HUMBERTO,80,985,1,false,29.5,-94.4,2007-09-12,2007-09-14,false,7,0,true
2007257N16134,2007,WP,WIPHA,135,922,4,true,24.4,123.7,2007-09-14,2007-09-20,false,5,0,true
2007261N13254,2007,EP,IVO,70,984,1,false,17.5,-113.1,2007-09-18,2007-09-25,false,0,101,true
2007262N09138,2007,WP,SIN NOMBRE,30,1000,-1,false,14.2,136.9,2007-09-19,2007-09-21,false,0,1103,false
2007262N16233,2007,EP,SIN NOMBRE,30,1007,-1,false,17.0,-127.5,2007-09-19,2007-09-25,false,0,1738,false
2007265N20122,2007,WP,FRANCISCO,45,989,0,false,19.8,111.6,2007-09-22,2007-09-25,false,5,0,false
2007265N29275,2007,NA,SIN NOMBRE,30,1005,-1,false,29.1,-85.4,2007-09-21,2007-09-22,false,2,0,false
2007266N36314,2007,NA,JERRY,35,1003,0,false,36.2,-46.1,2007-09-23,2007-09-24,false,0,993,false
2007268N10324,2007,NA,KAREN,65,988,1,false,11.7,-42.4,2007-09-25,2007-09-29,false,0,1002,true
2007269N22265,2007,NA,LORENZO,70,990,1,false,20.5,-96.3,2007-09-25,2007-09-28,false,3,0,true
2007271N14334,2007,NA,MELISSA,35,1005,0,false,14.5,-27.4,2007-09-28,2007-10-05,false,0,897,false
2007272N15251,2007,EP,JULIETTE,50,997,0,false,18.1,-113.0,2007-09-29,2007-10-05,false,0,233,false
2007272N17125,2007,WP,LEKIMA,70,970,1,false,17.4,110.8,2007-09-29,2007-10-04,false,5,0,true
2007274N18131,2007,WP,KROSA,130,926,4,true,20.4,125.3,2007-10-01,2007-10-08,false,7,0,true
2007274N28173,2007,WP,HAIYAN,50,985,0,false,28.0,172.0,2007-10-02,2007-10-07,false,0,1867,false
2007276N20147,2007,WP,PODUL,55,985,-5,false,32.3,155.6,2007-10-05,2007-10-07,false,0,1325,false
2007282N19181,2007,EP,LINGLING,40,993,0,false,28.4,170.8,2007-10-09,2007-10-15,false,0,2072,false
2007285N30307,2007,NA,SIN NOMBRE,45,996,-1,false,41.9,-30.1,2007-10-11,2007-10-17,false,0,1099,false
2007288N15251,2007,EP,KIKO,60,991,0,false,18.2,-106.8,2007-10-15,2007-10-27,false,0,204,false
2007291N19148,2007,WP,KAJIKI,115,937,4,true,26.0,142.1,2007-10-18,2007-10-22,false,0,808,true
2007297N18300,2007,NA,NOEL,75,965,1,false,36.4,-70.9,2007-10-24,2007-11-06,false,18,0,true
2007298N18136,2007,WP,FAXAI,55,975,0,false,33.4,139.6,2007-10-24,2007-10-27,false,0,152,false
2007300N11068,2007,NI,SIN NOMBRE,40,993,0,false,11.3,66.8,2007-10-27,2007-10-30,false,0,740,false
2007306N18133,2007,WP,PEIPAH,75,967,1,false,18.6,118.4,2007-11-01,2007-11-10,false,6,0,true
2007313N16148,2007,WP,TAPAH,35,996,0,false,21.2,141.0,2007-11-09,2007-11-12,false,0,1316,false
2007314N10093,2007,NI,SIDR,140,918,5,true,16.6,89.1,2007-11-10,2007-11-16,false,2,0,true
2007323N09128,2007,WP,HAGIBIS,80,963,1,false,10.8,111.9,2007-11-18,2007-11-27,false,7,0,true
2007324N10140,2007,WP,MITAG,95,952,2,false,14.2,126.5,2007-11-20,2007-11-28,false,2,0,true
2007327N09152,2007,WP,SIN NOMBRE,25,1004,-1,false,11.3,144.9,2007-11-23,2007-11-28,false,0,497,false
2007330N10141,2007,WP,SIN NOMBRE,25,999,-1,false,21.8,137.0,2007-11-26,2007-11-29,false,0,612,false
2007345N18298,2007,NA,OLGA,50,1003,0,false,18.5,-68.4,2007-12-10,2007-12-16,false,7,0,false
2007208S03086,2008,SI,SIN NOMBRE,40,993,0,false,-11.0,91.2,2007-07-28,2007-07-31,false,0,1331,false
2007315S05095,2008,SI,ARIEL:LEE,60,978,0,false,-11.5,89.3,2007-11-11,2007-11-25,false,0,575,false
2007317S10150,2008,SP,GUBA,75,967,1,false,-11.4,147.1,2007-11-13,2007-11-19,false,4,0,true
2007322S06075,2008,SI,BONGWE,65,974,1,false,-11.0,75.9,2007-11-17,2007-11-28,false,0,376,true
2007337S12186,2008,SP,DAMAN,110,941,3,false,-15.5,177.8,2007-12-03,2007-12-10,false,0,68,true
2007346S12073,2008,SI,CELINA,40,993,0,false,-20.0,61.1,2007-12-11,2007-12-23,false,0,56,false
2007352S12088,2008,SI,DAMA,50,985,0,false,-17.3,84.1,2007-12-17,2007-12-24,false,0,1644,false
2007360S10116,2008,SI,MELANIE,60,978,0,false,-16.8,117.5,2007-12-26,2008-01-02,false,0,74,false
2007363S20043,2008,SI,ELNUS,40,993,0,false,-19.0,41.0,2007-12-29,2008-01-05,false,0,112,false
2007365S15134,2008,SI,HELEN,50,985,0,false,-13.2,129.9,2007-12-30,2008-01-07,false,25,0,false
2008008S18184,2008,SP,ELISA,50,985,0,false,-22.9,-175.1,2008-01-07,2008-01-11,false,0,465,false
2008012N12123,2008,WP,SIN NOMBRE,40,993,0,false,12.4,113.7,2008-01-12,2008-01-17,false,2,0,false
2008015S16162,2008,SP,FUNA,105,944,3,false,-19.9,174.3,2008-01-15,2008-01-21,false,1,24,true
2008023S10050,2008,SI,FAME,85,959,2,false,-15.7,44.4,2008-01-22,2008-02-01,false,6,0,true
2008026S11064,2008,SI,GULA,90,956,2,false,-14.8,61.5,2008-01-25,2008-02-03,false,0,158,true
2008026S12179,2008,SP,GENE,100,948,3,false,-19.7,170.8,2008-01-26,2008-02-09,false,4,0,true
2008033S11083,2008,SI,HONDO,130,926,4,true,-14.9,82.7,2008-02-02,2008-02-28,false,3,45,true
2008034S12103,2008,SI,SIN NOMBRE,40,993,0,false,-17.2,107.7,2008-02-03,2008-02-11,false,0,566,false
2008037S10055,2008,SI,IVAN,125,929,4,true,-16.6,51.9,2008-02-05,2008-02-27,false,12,0,true
2008042S16122,2008,SI,NICHOLAS,80,963,1,false,-17.1,118.0,2008-02-10,2008-02-20,false,6,0,true
2008058S15131,2008,SI,OPHELIA,65,974,1,false,-16.6,120.6,2008-02-26,2008-03-07,false,14,0,true
2008060S19151,2008,SP,SIN NOMBRE,35,996,0,false,-21.2,154.5,2008-02-28,2008-03-01,false,0,287,false
2008062S10064,2008,SI,JOKWE,110,941,3,false,-15.4,40.8,2008-03-02,2008-03-16,false,7,0,true
2008065S12096,2008,SI,KAMBA,115,937,4,true,-19.4,78.2,2008-03-06,2008-03-14,false,0,1416,true
2008079S12069,2008,SI,LOLA,35,996,0,false,-15.6,59.8,2008-03-18,2008-03-31,false,0,52,false
2008080S17163,2008,SP,SIN NOMBRE,35,996,0,false,-19.4,163.8,2008-03-20,2008-03-26,false,2,23,false
2008083S12102,2008,SI,PANCHO,100,948,3,false,-19.3,105.9,2008-03-23,2008-03-30,false,0,173,true
2008104N08128,2008,WP,NEOGURI,100,948,3,false,17.1,111.7,2008-04-13,2008-04-19,false,8,0,true
2008108S13158,2008,SP,SIN NOMBRE,30,1000,-1,false,-14.4,159.6,2008-04-17,2008-04-19,false,0,240,false
2008111S06082,2008,SI,DURGA,40,993,0,false,-8.8,95.1,2008-04-21,2008-04-26,false,0,802,false
2008111S08096,2008,SI,ROSIE,50,985,0,false,-10.7,104.8,2008-04-20,2008-04-24,false,0,355,false
2008117N11090,2008,NI,NARGIS,115,937,4,true,16.0,93.6,2008-04-25,2008-05-04,false,7,0,true
2008128N07134,2008,WP,RAMMASUN,135,922,4,true,16.8,132.0,2008-05-06,2008-05-13,false,0,415,true
2008135N12116,2008,WP,HALONG,75,967,1,false,16.3,120.2,2008-05-14,2008-05-20,false,4,0,true
2008135N16125,2008,WP,MATMO,40,993,0,false,23.8,130.0,2008-05-13,2008-05-16,false,0,135,false
2008147N10141,2008,WP,NAKRI,125,929,4,true,16.2,135.8,2008-05-26,2008-06-03,false,0,372,true
2008150N10274,2008,EP,ALMA,55,994,0,false,12.0,-86.9,2008-05-29,2008-05-30,false,4,0,false
2008152N18273,2008,NA,ARTHUR,40,1004,0,false,17.8,-88.0,2008-05-31,2008-06-02,false,8,0,false
2008157N16066,2008,NI,SIN NOMBRE,25,994,-5,false,15.5,66.0,2008-06-05,2008-06-06,false,0,236,false
2008168N22090,2008,NI,SIN NOMBRE,25,988,-5,false,22.0,89.5,2008-06-16,2008-06-17,false,2,0,false
2008169N08135,2008,WP,FENGSHEN,110,941,3,false,11.9,122.7,2008-06-17,2008-06-25,false,14,0,true
2008179N12252,2008,EP,BORIS,70,985,1,false,15.7,-126.2,2008-06-27,2008-07-06,false,0,830,true
2008180N14238,2008,EP,CRISTINA,45,999,0,false,14.6,-125.0,2008-06-27,2008-07-03,false,0,1626,false
2008184N15254,2008,EP,DOUGLAS,35,1003,0,false,17.4,-107.6,2008-07-01,2008-07-06,false,0,242,false
2008185N13337,2008,NA,BERTHA,105,955,3,false,20.6,-52.2,2008-07-03,2008-07-21,false,0,625,true
2008188N14260,2008,EP,SIN NOMBRE,30,1005,-1,false,16.2,-102.0,2008-07-05,2008-07-07,false,2,0,false
2008193N20126,2008,WP,KALMAEGI,90,956,2,false,23.2,122.5,2008-07-11,2008-07-20,false,11,0,true
2008194N11266,2008,EP,ELIDA,90,970,2,false,16.9,-117.2,2008-07-11,2008-07-21,false,0,322,true
2008198N10265,2008,EP,FAUSTO,80,977,1,false,17.5,-112.2,2008-07-16,2008-07-24,false,0,516,true
2008201N32280,2008,NA,CRISTOBAL,55,998,0,false,36.2,-73.2,2008-07-19,2008-07-23,false,1,42,false
2008203N18276,2008,NA,DOLLY,85,967,2,false,25.9,-96.7,2008-07-20,2008-07-27,false,18,0,true
2008204N13260,2008,EP,GENEVIEVE,65,987,1,false,16.3,-115.2,2008-07-21,2008-07-31,false,0,372,true
2008206N22133,2008,WP,FUNG-WONG,95,952,2,false,23.0,122.4,2008-07-23,2008-07-29,false,8,0,true
2008217N19120,2008,WP,KAMMURI,50,985,0,false,21.5,112.9,2008-08-03,2008-08-07,false,7,0,false
2008217N28273,2008,NA,EDOUARD,55,996,0,false,29.0,-92.9,2008-08-03,2008-08-06,false,6,0,false
2008218N10224,2008,EP,KIKA,35,1007,0,false,10.4,212.8,2008-08-04,2008-08-16,false,0,957,false
2008220N12250,2008,EP,HERNAN,105,956,3,false,15.5,-122.8,2008-08-06,2008-08-16,false,0,795,true
2008223N20086,2008,NI,SIN NOMBRE,25,988,-5,false,20.0,86.0,2008-08-09,2008-08-09,false,1,0,false
2008223N27151,2008,WP,PHANFONE,50,996,-5,false,35.0,160.3,2008-08-10,2008-08-11,false,0,1279,false
2008224N24122,2008,WP,SIN NOMBRE,35,996,0,false,30.8,126.5,2008-08-11,2008-08-15,false,2,0,false
2008226N22134,2008,WP,VONGFONG,55,982,0,false,30.2,135.5,2008-08-12,2008-08-17,false,0,248,false
2008227N16255,2008,EP,ISELLE,45,999,0,false,17.6,-109.1,2008-08-13,2008-08-23,false,0,301,false
2008229N13147,2008,WP,NURI,100,948,3,false,18.7,122.0,2008-08-16,2008-08-23,false,6,0,true
2008229N18293,2008,NA,FAY,60,986,0,false,27.0,-81.1,2008-08-15,2008-08-28,false,47,0,false
2008237N18253,2008,EP,JULIO,45,998,0,false,21.9,-109.8,2008-08-23,2008-08-27,false,10,0,false
2008238N13130,2008,WP,SIN NOMBRE,35,1000,0,false,17.5,123.9,2008-08-25,2008-08-29,false,1,31,false
2008238N13293,2008,NA,GUSTAV,125,943,4,true,21.6,-82.5,2008-08-25,2008-09-05,false,28,0,true
2008241N19303,2008,NA,HANNA,75,977,1,false,21.8,-72.3,2008-08-28,2008-09-08,false,12,0,true
2008245N17323,2008,NA,IKE,125,935,4,true,22.4,-55.0,2008-09-01,2008-09-15,false,21,0,true
2008246N12338,2008,NA,JOSEPHINE,55,994,0,false,13.6,-27.2,2008-09-02,2008-09-10,false,0,546,false
2008246N19250,2008,EP,KARINA,35,1000,0,false,19.2,-111.0,2008-09-02,2008-09-03,false,0,423,false
2008251N15256,2008,EP,LOWELL,45,998,0,false,16.9,-107.5,2008-09-06,2008-09-11,false,1,0,false
2008252N16128,2008,WP,SINLAKU,125,929,4,true,20.8,124.3,2008-09-07,2008-09-21,false,6,0,true
2008253N29150,2008,WP,SIN NOMBRE,35,996,0,false,30.4,146.6,2008-09-09,2008-09-12,false,0,78,false
2008257N28148,2008,WP,SIN NOMBRE,35,996,0,false,35.4,150.8,2008-09-12,2008-09-15,false,0,763,false
2008259N20089,2008,NI,SIN NOMBRE,45,989,0,false,21.1,86.6,2008-09-15,2008-09-18,false,9,0,false
2008262N16142,2008,WP,HAGUPIT,125,929,4,true,20.6,114.1,2008-09-17,2008-09-25,false,6,0,true
2008268N12140,2008,WP,JANGMI,140,918,5,true,20.7,125.6,2008-09-23,2008-10-01,false,2,0,true
2008269N21290,2008,NA,KYLE,75,984,1,false,39.4,-68.2,2008-09-25,2008-09-30,false,2,0,true
2008270N39325,2008,NA,LAURA,70,990,0,false,37.5,-38.0,2008-09-26,2008-10-04,false,0,344,true
2008272N08139,2008,WP,HIGOS,40,993,0,false,9.9,127.9,2008-09-27,2008-10-06,false,17,0,false
2008272N15113,2008,WP,MEKKHALA,55,982,0,false,17.4,108.1,2008-09-27,2008-09-30,false,2,0,false
2008275N16245,2008,EP,MARIE,70,984,1,false,17.7,-122.2,2008-10-01,2008-10-19,false,0,917,true
2008278N13261,2008,EP,NORBERT,115,945,4,true,16.4,-110.9,2008-10-04,2008-10-12,false,3,0,true
2008280N18268,2008,NA,MARCO,55,998,0,false,19.7,-95.2,2008-10-06,2008-10-07,false,4,0,false
2008283N12271,2008,EP,ODILE,50,997,0,false,13.8,-96.2,2008-10-08,2008-10-13,false,1,49,false
2008286N16323,2008,NA,NANA,35,1004,0,false,16.0,-37.1,2008-10-12,2008-10-15,false,0,1712,false
2008286N17109,2008,WP,SIN NOMBRE,35,996,0,false,19.2,107.7,2008-10-12,2008-10-15,false,3,0,false
2008287N15291,2008,NA,OMAR,115,958,4,true,18.2,-63.9,2008-10-13,2008-10-21,false,0,158,true
2008289N15277,2008,NA,SIN NOMBRE,25,1004,-1,false,15.5,-82.8,2008-10-14,2008-10-16,false,5,0,false
2008292N20152,2008,WP,BAVI,45,989,0,false,28.6,149.2,2008-10-17,2008-10-20,false,0,1062,false
2008293N09060,2008,NI,SIN NOMBRE,30,1000,-1,false,10.3,55.5,2008-10-19,2008-10-23,false,3,0,false
2008297N12255,2008,EP,SIN NOMBRE,30,1008,-1,false,13.0,-104.9,2008-10-23,2008-10-27,false,0,449,false
2008298N16085,2008,NI,RASHMI,45,989,0,false,21.0,89.3,2008-10-24,2008-10-27,false,2,0,false
2008308N08252,2008,EP,POLO,40,1003,0,false,8.6,-111.7,2008-11-02,2008-11-05,false,0,1220,false
2008311N08128,2008,WP,MAYSAK,55,982,0,false,16.8,115.0,2008-11-05,2008-11-13,false,4,0,false
2008311N14278,2008,NA,PALOMA,125,944,4,true,19.8,-79.6,2008-11-05,2008-11-14,false,12,0,true
2008317N11089,2008,NI,KHAI-MUK,45,989,0,false,14.0,84.1,2008-11-11,2008-11-16,false,3,0,false
2008320N08122,2008,WP,NOUL,40,993,0,false,11.5,111.1,2008-11-14,2008-11-17,false,4,0,false
2008320N23146,2008,WP,HAISHEN,40,993,0,false,27.3,152.5,2008-11-14,2008-11-17,false,0,1391,false
2008329N09082,2008,NI,NISHA,50,985,0,false,10.6,80.4,2008-11-24,2008-11-28,false,14,0,false
2008338N06092,2008,NI,SIN NOMBRE,35,996,0,false,7.9,88.2,2008-12-03,2008-12-09,false,3,0,false
2008343N16168,2008,WP,DOLPHIN,85,959,2,false,15.4,130.5,2008-12-08,2008-12-18,false,0,553,true
2008290S05071,2009,SI,ASMA,50,985,0,false,-12.3,62.0,2008-10-15,2008-10-24,false,0,92,false
2008319S07086,2009,SI,BERNARD,40,993,0,false,-9.7,82.8,2008-11-13,2008-11-20,false,0,1411,false
2008323S08089,2009,SI,ANIKA,60,978,0,false,-13.7,101.5,2008-11-17,2008-11-22,false,0,640,false
2008348S10077,2009,SI,CINDA,55,982,0,false,-12.3,66.9,2008-12-13,2008-12-24,false,0,359,false
2008351S11128,2009,SI,BILLY,110,941,3,false,-17.6,117.9,2008-12-16,2009-01-04,false,18,0,true
2008356S14138,2009,SP,SIN NOMBRE,30,998,-5,false,-14.7,137.1,2008-12-21,2008-12-25,false,12,0,false
2009008S13069,2009,SI,DONGO,60,978,0,false,-40.7,85.5,2009-01-07,2009-01-14,false,0,1030,false
2009011S16139,2009,SP,CHARLOTTE,40,993,0,false,-16.2,140.6,2009-01-10,2009-01-12,false,4,0,false
2009017S15059,2009,SI,ERIC,45,993,0,false,-34.8,63.0,2009-01-16,2009-01-22,false,3,10,false
2009017S20043,2009,SI,FANELE,115,937,4,true,-20.2,42.6,2009-01-17,2009-01-26,false,5,0,true
2009024S17123,2009,SI,DOMINIC,50,985,0,false,-20.2,115.5,2009-01-24,2009-01-28,false,9,0,false
2009025S12177,2009,SP,HETTIE,35,996,0,false,-19.7,183.2,2009-01-25,2009-01-29,false,0,178,false
2009031S16147,2009,SP,ELLIE,35,996,0,false,-16.6,147.6,2009-01-30,2009-02-02,false,5,0,false
2009032S15071,2009,SI,GAEL,120,933,4,true,-19.6,51.8,2009-01-31,2009-02-12,false,0,213,true
2009034S16126,2009,SI,FREDDY,55,982,0,false,-16.2,109.4,2009-02-03,2009-02-15,false,1,0,false
2009045S18174,2009,SP,INNIS,40,993,0,false,-24.7,161.4,2009-02-13,2009-02-19,false,1,15,false
2009051S11075,2009,SI,HINA,65,974,1,false,-18.5,78.5,2009-02-20,2009-03-02,false,0,965,true
2009059S10101,2009,SI,GABRIELLE,35,996,0,false,-13.6,105.6,2009-02-28,2009-03-06,false,0,547,false
2009064S13148,2009,SP,HAMISH,135,922,4,true,-19.2,150.0,2009-03-04,2009-03-14,false,0,144,true
2009066S12081,2009,SI,SIN NOMBRE,35,996,0,false,-18.4,86.3,2009-03-06,2009-03-13,false,0,1960,false
2009069S19204,2009,SP,JONI,55,982,0,false,-22.2,-158.5,2009-03-10,2009-03-14,false,0,1698,false
2009074S10129,2009,SI,ILSA,100,948,3,false,-16.3,106.9,2009-03-15,2009-03-26,false,0,79,true
2009075S18197,2009,SP,KEN,60,978,0,false,-35.0,-152.9,2009-03-16,2009-03-20,false,0,1057,false
2009082S15154,2009,SP,JASPER,45,989,0,false,-20.1,162.1,2009-03-23,2009-03-25,false,0,91,false
2009082S16039,2009,SI,IZILDA,65,974,1,false,-23.7,42.6,2009-03-22,2009-03-29,false,3,0,true
2009092S15178,2009,SP,LIN,55,982,0,false,-21.5,184.7,2009-04-02,2009-04-06,false,0,116,false
2009093S12062,2009,SI,JADE,65,948,1,false,-14.6,51.4,2009-04-02,2009-04-12,false,6,0,true
2009104N13088,2009,NI,BIJLI,50,985,0,false,18.5,86.6,2009-04-14,2009-04-18,false,3,0,false
2009107S07133,2009,SI,KIRRILY,45,989,0,false,-6.4,134.2,2009-04-17,2009-05-01,false,9,0,false
2009121N13124,2009,WP,KUJIRA,115,937,4,true,17.2,131.1,2009-04-30,2009-05-07,false,10,0,true
2009123N10111,2009,WP,CHAN-HOM,90,956,2,false,15.8,118.8,2009-05-02,2009-05-13,false,2,0,true
2009143N17089,2009,NI,AILA,65,974,1,false,21.6,88.2,2009-05-22,2009-05-26,false,5,0,true
2009147N31285,2009,NA,SIN NOMBRE,30,1006,-1,false,37.5,-70.3,2009-05-26,2009-05-30,false,0,158,false
2009164N10131,2009,WP,LINFA,75,967,1,false,21.2,117.9,2009-06-13,2009-06-22,false,9,0,true
2009167N14257,2009,EP,SIN NOMBRE,30,1001,-1,false,17.9,-108.1,2009-06-16,2009-06-20,false,1,0,false
2009171N15264,2009,EP,ANDRES,70,984,1,false,17.2,-103.1,2009-06-19,2009-06-24,false,1,22,true
2009173N10132,2009,WP,NANGKA,45,988,0,false,12.5,123.3,2009-06-22,2009-06-27,false,9,0,false
2009174N18072,2009,NI,SIN NOMBRE,25,998,-5,false,18.0,71.5,2009-06-23,2009-06-24,false,2,0,false
2009176N23069,2009,NI,SIN NOMBRE,25,996,-5,false,22.5,68.5,2009-06-25,2009-06-25,false,2,23,false
2009185N13260,2009,EP,BLANCA,45,998,0,false,18.0,-113.4,2009-07-03,2009-07-12,false,0,369,false
2009189N17129,2009,WP,SOUDELOR,35,996,0,false,19.8,115.5,2009-07-08,2009-07-12,false,4,0,false
2009190N09254,2009,EP,CARLOS,90,971,2,false,10.1,-128.3,2009-07-08,2009-07-16,false,0,1100,true
2009192N16130,2009,WP,SIN NOMBRE,30,1000,-1,false,22.1,122.4,2009-07-11,2009-07-14,false,3,0,false
2009194N11257,2009,EP,DOLORES,50,997,0,false,16.9,-117.1,2009-07-12,2009-07-20,false,0,785,false
2009196N14129,2009,WP,MOLAVE,65,974,1,false,21.8,117.1,2009-07-15,2009-07-19,false,3,0,true
2009201N21089,2009,NI,SIN NOMBRE,30,988,-5,false,21.0,88.0,2009-07-20,2009-07-21,false,3,0,false
2009210N11231,2009,EP,LANA,55,995,0,false,13.7,-146.9,2009-07-28,2009-08-03,false,0,492,false
2009213N16130,2009,WP,GONI,45,988,0,false,21.7,113.0,2009-08-01,2009-08-08,false,16,0,false
2009215N10242,2009,EP,FELICIA,125,935,4,true,14.7,-130.1,2009-08-03,2009-08-12,false,1,41,true
2009215N13252,2009,EP,ENRIQUE,55,994,0,false,14.3,-116.3,2009-08-03,2009-08-08,false,0,828,false
2009215N20133,2009,WP,MORAKOT,80,954,1,false,23.2,128.1,2009-08-03,2009-08-10,false,9,0,true
2009219N19140,2009,WP,ETAU,40,992,0,false,33.4,140.8,2009-08-06,2009-08-14,false,0,121,false
2009220N12246,2009,EP,SIN NOMBRE,30,1006,-1,false,14.4,-120.2,2009-08-07,2009-08-15,false,0,1234,false
2009221N10201,2009,EP,MAKA,45,992,0,false,15.7,173.3,2009-08-08,2009-08-18,false,0,1037,false
2009222N09262,2009,EP,GUILLERMO,110,954,3,false,18.7,-132.6,2009-08-09,2009-08-23,false,0,695,true
2009222N14336,2009,NA,ANA,35,1003,0,false,14.4,-33.3,2009-08-10,2009-08-16,false,0,701,false
2009227N12328,2009,NA,BILL,115,943,4,true,17.6,-54.2,2009-08-15,2009-08-26,false,2,0,true
2009228N11163,2009,WP,VAMCO,120,933,4,true,20.5,156.8,2009-08-15,2009-08-26,false,0,591,true
2009228N27277,2009,NA,CLAUDETTE,50,1005,0,false,29.1,-85.1,2009-08-16,2009-08-17,false,4,0,false
2009233N13230,2009,EP,HILDA,55,995,0,false,14.2,-143.6,2009-08-20,2009-08-31,false,0,577,false
2009235N14252,2009,EP,IGNACIO,45,999,0,false,18.3,-118.9,2009-08-22,2009-08-28,false,0,648,false
2009238N12189,2009,EP,SIN NOMBRE,30,1007,-1,false,14.5,183.7,2009-08-26,2009-09-02,false,0,1633,false
2009238N20151,2009,WP,KROVANH,65,974,1,false,33.5,139.9,2009-08-26,2009-09-01,false,0,63,true
2009238N24290,2009,NA,DANNY,50,1006,0,false,25.9,-71.2,2009-08-26,2009-08-29,false,0,428,false
2009239N10253,2009,EP,KEVIN,45,1000,0,false,13.9,-122.0,2009-08-26,2009-09-06,false,0,1034,false
2009239N12270,2009,EP,JIMENA,135,931,4,true,18.2,-108.9,2009-08-26,2009-09-05,false,11,0,true
2009245N17303,2009,NA,ERIKA,45,1004,0,false,16.7,-57.3,2009-09-01,2009-09-04,false,0,105,false
2009246N12250,2009,EP,LINDA,70,985,1,false,16.8,-129.2,2009-09-03,2009-09-15,false,0,1013,true
2009246N18130,2009,WP,DUJUAN,50,985,0,false,32.4,145.3,2009-09-03,2009-09-10,false,0,417,false
2009247N19089,2009,NI,SIN NOMBRE,40,993,0,false,22.4,87.6,2009-09-03,2009-09-07,false,8,0,false
2009251N12336,2009,NA,FRED,105,958,3,false,13.6,-32.1,2009-09-07,2009-09-19,false,0,685,true
2009251N16118,2009,WP,MUJIGAE,30,998,-1,false,18.2,117.5,2009-09-08,2009-09-12,false,4,0,false
2009254N14130,2009,WP,KOPPU,75,967,1,false,21.5,113.2,2009-09-11,2009-09-15,false,4,0,true
2009255N13155,2009,WP,CHOI-WAN,140,918,5,true,18.2,144.2,2009-09-11,2009-09-20,false,0,517,true
2009257N14256,2009,EP,MARTY,40,1002,0,false,18.8,-112.5,2009-09-13,2009-09-22,false,0,418,false
2009264N13252,2009,EP,NORA,50,997,0,false,17.0,-118.8,2009-09-20,2009-09-29,false,0,747,false
2009268N14128,2009,WP,KETSANA,90,955,2,false,16.0,111.2,2009-09-25,2009-09-30,false,6,0,true
2009268N15331,2009,NA,SIN NOMBRE,30,1008,-1,false,16.1,-31.1,2009-09-25,2009-09-26,false,0,1237,false
2009269N10163,2009,WP,SIN NOMBRE,30,999,-1,false,10.0,156.3,2009-09-26,2009-09-30,false,0,1387,false
2009270N10148,2009,WP,PARMA,135,922,4,true,11.8,131.1,2009-09-27,2009-10-14,false,20,0,true
2009271N15257,2009,EP,OLAF,40,996,0,false,20.4,-117.4,2009-09-28,2009-10-04,false,2,0,false
2009271N46317,2009,NA,GRACE,55,986,0,false,46.0,-43.2,2009-09-27,2009-10-06,false,0,104,false
2009272N07164,2009,WP,MELOR,150,911,5,true,17.0,140.9,2009-09-28,2009-10-09,false,3,0,true
2009279N15311,2009,NA,HENRI,45,1005,0,false,18.3,-55.7,2009-10-06,2009-10-11,false,2,35,false
2009281N15144,2009,WP,NEPARTAK,55,982,0,false,22.9,143.2,2009-10-08,2009-10-13,false,0,1173,false
2009282N16252,2009,EP,PATRICIA,50,996,0,false,18.8,-109.5,2009-10-08,2009-10-15,false,2,30,false
2009287N10154,2009,WP,LUPIT,140,918,5,true,18.5,134.1,2009-10-13,2009-10-27,false,0,143,true
2009288N07267,2009,EP,RICK,155,906,5,true,15.2,-106.6,2009-10-14,2009-10-21,false,1,0,true
2009289N12230,2009,EP,NEKI,110,950,3,false,18.3,-166.7,2009-10-15,2009-10-27,false,0,511,true
2009299N12153,2009,WP,MIRINAE,90,956,2,false,16.2,135.4,2009-10-25,2009-11-02,false,4,0,true
2009305N14134,2009,WP,SIN NOMBRE,25,1004,-1,false,17.3,124.9,2009-10-31,2009-11-03,false,0,125,false
2009308N11279,2009,NA,IDA,90,975,2,false,23.0,-86.5,2009-11-04,2009-11-11,false,13,0,true
2009311N20157,2009,WP,SIN NOMBRE,45,989,0,false,20.9,157.2,2009-11-06,2009-11-10,false,0,2171,false
2009313N11072,2009,NI,PHYAN,50,985,0,false,15.8,71.8,2009-11-09,2009-11-11,false,2,0,false
2009324N06129,2009,WP,SIN NOMBRE,30,1000,-1,false,9.6,127.2,2009-11-20,2009-11-24,false,2,24,false
2009325N06148,2009,WP,NIDA,155,907,5,true,12.6,142.2,2009-11-21,2009-12-03,false,0,864,true
2009337N14143,2009,WP,SIN NOMBRE,35,996,0,false,23.4,144.8,2009-12-02,2009-12-05,false,0,1271,false
2009344N06085,2009,NI,WARD,45,989,0,false,9.3,84.8,2009-12-10,2009-12-15,false,4,0,false
2009317S10073,2010,SI,ANJA,105,944,3,false,-13.2,69.9,2009-11-13,2009-11-18,false,0,896,true
2009325S12066,2010,SI,BONGANI,40,993,0,false,-8.6,53.9,2009-11-20,2009-11-26,false,0,89,false
2009337S07096,2010,SI,CLEO,115,937,4,true,-11.1,75.6,2009-12-04,2009-12-16,false,0,137,true
2009342S09140,2010,SP,LAURENCE,130,926,4,true,-19.5,120.6,2009-12-08,2009-12-23,false,37,0,true
2009346S07086,2010,SI,DAVID,55,982,0,false,-13.2,67.0,2009-12-12,2009-12-31,false,0,91,false
2009346S10172,2010,SP,MICK,65,974,1,false,-16.4,176.7,2009-12-11,2009-12-16,false,2,0,true
2010002S09096,2010,SI,EDZANI,140,918,5,true,-16.1,77.1,2010-01-01,2010-01-15,false,0,910,true
2010018N07113,2010,WP,SIN NOMBRE,30,1000,-1,false,7.8,110.8,2010-01-18,2010-01-20,false,2,0,false
2010019S11123,2010,SI,MAGDA,65,974,1,false,-14.3,123.5,2010-01-18,2010-01-24,false,11,0,true
2010020S08163,2010,SP,OLGA,45,987,0,false,-16.5,149.2,2010-01-20,2010-01-31,false,29,0,false
2010020S14147,2010,SP,NEVILLE,35,997,-5,false,-14.5,147.8,2010-01-19,2010-01-23,false,0,154,false
2010027S14184,2010,SP,NISHA,55,982,0,false,-19.3,-165.2,2010-01-26,2010-01-31,false,0,55,false
2010027S17058,2010,SI,SIN NOMBRE,35,996,0,false,-20.1,59.5,2010-01-26,2010-01-31,false,0,129,false
2010029S12177,2010,SP,OLI,115,937,4,true,-18.6,207.7,2010-01-29,2010-02-08,false,0,292,true
2010032S20042,2010,SI,FAMI,50,985,0,false,-20.8,43.6,2010-02-01,2010-02-03,false,4,0,false
2010038S08194,2010,SP,PAT,90,956,2,false,-18.1,-159.3,2010-02-06,2010-02-12,false,0,900,true
2010040S11185,2010,SP,RENE,100,948,3,false,-15.8,189.8,2010-02-09,2010-02-19,false,0,147,true
2010046S10058,2010,SI,GELANE,125,929,4,true,-17.3,62.1,2010-02-15,2010-02-25,false,0,140,true
2010051S06195,2010,SP,SARAH,35,996,0,false,-9.3,-158.6,2010-02-20,2010-03-04,false,0,864,false
2010066S19050,2010,SI,HUBERT,50,985,0,false,-21.0,48.6,2010-03-07,2010-03-15,false,10,0,false
2010067S25317,2010,SA,SIN NOMBRE,45,995,-3,false,-33.6,-40.5,2010-03-08,2010-03-12,false,0,135,false
2010069S12188,2010,SP,TOMAS,115,937,4,true,-16.2,-179.6,2010-03-10,2010-03-20,false,0,53,true
2010070S15168,2010,SP,ULUI,140,918,5,true,-12.7,161.7,2010-03-10,2010-03-22,false,10,0,true
2010078N03153,2010,WP,OMAIS,50,985,0,false,14.1,132.7,2010-03-19,2010-03-26,false,0,622,false
2010080S06089,2010,SI,IMANI,80,963,1,false,-19.9,85.8,2010-03-20,2010-03-29,false,0,1261,true
2010084S09138,2010,SP,PAUL,70,970,1,false,-13.4,136.0,2010-03-24,2010-04-02,false,25,0,true
2010091S09093,2010,SI,ROBYN,65,974,1,false,-15.7,91.4,2010-04-01,2010-04-10,false,0,1008,true
2010110S10118,2010,SI,SEAN,60,978,0,false,-15.2,113.2,2010-04-20,2010-04-29,false,0,79,false
2010136N09057,2010,NI,BANDU,55,982,0,false,12.6,51.7,2010-05-15,2010-05-22,false,0,78,false
2010137N10090,2010,NI,LAILA,65,974,1,false,13.5,82.0,2010-05-16,2010-05-21,false,7,0,true
2010143S20035,2010,SI,JOEL,60,990,-5,false,-25.6,43.9,2010-05-22,2010-05-29,false,3,38,false
2010149N13266,2010,EP,AGATHA,40,1001,0,false,13.9,-92.5,2010-05-28,2010-05-30,false,3,0,false
2010151N14065,2010,NI,PHET,125,929,4,true,18.1,60.3,2010-05-30,2010-06-07,false,7,0,true
2010166N15255,2010,EP,BLAS,55,994,0,false,16.5,-109.6,2010-06-15,2010-06-23,false,0,426,false
2010167N15265,2010,EP,SIN NOMBRE,30,1007,-1,false,14.9,-95.9,2010-06-16,2010-06-17,false,1,49,false
2010169N13266,2010,EP,CELIA,140,921,5,true,12.9,-115.4,2010-06-18,2010-06-30,false,0,268,true
2010172N08272,2010,EP,DARBY,105,960,3,false,13.6,-101.3,2010-06-20,2010-06-29,false,1,46,true
2010176N16278,2010,NA,ALEX,90,948,2,false,24.3,-97.3,2010-06-24,2010-07-02,false,10,0,true
2010188N21269,2010,NA,SIN NOMBRE,30,1005,-1,false,22.8,-92.8,2010-07-07,2010-07-10,false,6,0,false
2010191N12138,2010,WP,CONSON,80,963,1,false,17.6,110.2,2010-07-10,2010-07-18,false,9,0,true
2010195N14257,2010,EP,SIN NOMBRE,30,1006,-1,false,14.5,-105.6,2010-07-14,2010-07-18,false,0,372,false
2010198N15123,2010,WP,CHANTHU,80,963,1,false,20.6,111.4,2010-07-17,2010-07-23,false,8,0,true
2010203N22286,2010,NA,BONNIE,40,1005,0,false,23.8,-77.8,2010-07-22,2010-07-25,false,6,0,false
2010215N13319,2010,NA,COLIN,50,1006,0,false,25.6,-66.6,2010-08-02,2010-08-08,false,0,394,false
2010217N15265,2010,EP,ESTELLE,55,994,0,false,17.3,-109.2,2010-08-04,2010-08-10,false,0,105,false
2010218N20127,2010,WP,DIANMU,55,982,0,false,33.1,125.8,2010-08-06,2010-08-12,false,4,0,false
2010222N26277,2010,NA,SIN NOMBRE,30,1007,-1,false,25.9,-83.7,2010-08-10,2010-08-18,false,21,0,false
2010232N18253,2010,EP,SIN NOMBRE,30,1003,-1,false,18.2,-107.2,2010-08-20,2010-08-23,false,0,260,false
2010233N17119,2010,WP,MINDULLE,65,974,1,false,18.1,107.3,2010-08-20,2010-08-25,false,4,0,true
2010234N11329,2010,NA,DANIELLE,115,942,4,true,27.1,-60.1,2010-08-21,2010-09-03,false,0,654,true
2010234N14267,2010,EP,FRANK,80,978,1,false,17.9,-109.9,2010-08-21,2010-08-29,false,0,132,true
2010236N12341,2010,NA,EARL,125,927,4,true,28.6,-74.3,2010-08-24,2010-09-06,false,3,0,true
2010239N15118,2010,WP,LIONROCK,60,978,0,false,20.4,117.6,2010-08-26,2010-09-03,false,6,0,false
2010240N15142,2010,WP,KOMPASU,105,944,3,false,30.4,125.2,2010-08-27,2010-09-03,false,2,0,true
2010241N25125,2010,WP,NAMTHEUN,40,993,0,false,25.7,121.4,2010-08-29,2010-08-31,false,2,23,false
2010242N14318,2010,NA,FIONA,55,998,0,false,19.5,-62.5,2010-08-30,2010-09-04,false,0,346,false
2010243N12146,2010,WP,MALOU,45,989,0,false,32.9,127.3,2010-08-31,2010-09-08,false,4,0,false
2010244N12328,2010,NA,GASTON,35,1005,0,false,12.7,-35.0,2010-09-01,2010-09-08,false,0,77,false
2010246N19251,2010,EP,SIN NOMBRE,30,1003,-1,false,19.3,-109.0,2010-09-03,2010-09-05,false,0,204,false
2010247N15266,2010,EP,HERMINE,55,990,0,false,24.9,-97.2,2010-09-03,2010-09-10,false,18,0,false
2010249N24125,2010,WP,MERANTI,65,974,1,false,23.1,119.0,2010-09-06,2010-09-11,false,7,0,true
2010251N14337,2010,NA,IGOR,135,924,4,true,18.9,-53.5,2010-09-08,2010-09-23,false,0,66,true
2010255N13340,2010,NA,JULIA,120,948,4,true,17.7,-32.2,2010-09-12,2010-09-24,false,0,381,true
2010256N17137,2010,WP,FANAPI,105,944,3,false,23.8,125.3,2010-09-13,2010-09-20,false,7,0,true
2010257N16282,2010,NA,KARL,110,956,3,false,19.6,-95.6,2010-09-13,2010-09-18,false,8,0,true
2010263N15149,2010,WP,MALAKAS,90,948,2,false,24.3,140.8,2010-09-19,2010-09-25,false,0,354,true
2010263N15328,2010,NA,LISA,75,982,1,false,20.4,-27.8,2010-09-20,2010-09-29,false,0,1112,true
2010264N20252,2010,EP,GEORGETTE,35,999,0,false,20.1,-108.6,2010-09-20,2010-09-23,false,5,0,false
2010267N14285,2010,NA,MATTHEW,50,998,0,false,14.6,-83.0,2010-09-23,2010-09-26,false,8,0,false
2010271N19276,2010,NA,NICOLE,40,994,0,false,21.0,-82.7,2010-09-28,2010-09-30,false,5,22,false
2010278N18110,2010,WP,SIN NOMBRE,30,1000,-1,false,18.5,109.2,2010-10-04,2010-10-06,false,6,0,false
2010279N22293,2010,NA,OTTO,75,976,1,false,27.2,-61.7,2010-10-06,2010-10-17,false,0,341,true
2010280N17085,2010,NI,SIN NOMBRE,25,996,-5,false,17.5,84.5,2010-10-07,2010-10-08,false,4,0,false
2010284N14278,2010,NA,PAULA,90,981,2,false,18.8,-85.9,2010-10-11,2010-10-15,false,8,0,true
2010285N13145,2010,WP,MEGI,160,903,5,true,18.1,125.1,2010-10-11,2010-10-24,false,8,0,true
2010286N18090,2010,NI,SIN NOMBRE,30,995,-5,false,19.5,86.0,2010-10-13,2010-10-16,false,4,0,false
2010293N13165,2010,WP,SIN NOMBRE,30,1000,-1,false,20.9,156.1,2010-10-19,2010-10-27,false,0,1411,false
2010293N16147,2010,WP,CHABA,115,937,4,true,24.2,128.6,2010-10-20,2010-10-30,false,0,123,true
2010293N17093,2010,NI,GIRI,135,922,4,true,19.8,93.4,2010-10-19,2010-10-24,false,7,0,true
2010293N17277,2010,NA,RICHARD,85,977,2,false,17.2,-88.2,2010-10-19,2010-10-26,false,7,0,true
2010302N09306,2010,NA,TOMAS,85,982,2,false,13.5,-61.7,2010-10-29,2010-11-10,false,1,33,true
2010302N26299,2010,NA,SHARY,65,989,1,false,31.3,-64.0,2010-10-28,2010-10-30,false,0,923,true
2010305N06105,2010,WP,JAL,55,982,0,false,10.1,86.5,2010-10-31,2010-11-08,false,7,0,false
2010315N14112,2010,WP,SIN NOMBRE,30,1000,-1,false,14.8,108.8,2010-11-10,2010-11-14,false,3,0,false
2010341N14082,2010,NI,SIN NOMBRE,25,1000,-5,false,14.5,82.0,2010-12-07,2010-12-08,false,2,0,false
2010346N09115,2010,WP,SIN NOMBRE,25,1004,-1,false,9.7,112.2,2010-12-11,2010-12-14,false,1,33,false
2010350N30175,2010,WP,OMEKA,50,997,0,false,21.1,179.1,2010-12-16,2010-12-22,false,0,1445,false
2010298S09087,2011,SI,SIN NOMBRE,35,996,0,false,-10.9,86.4,2010-10-25,2010-10-31,false,0,1459,false
2010302S08098,2011,SI,ANGGREK,55,982,0,false,-11.6,98.3,2010-10-29,2010-11-06,false,0,665,false
2010331S07089,2011,SI,ABELE,80,963,1,false,-17.7,89.5,2010-11-26,2010-12-04,false,0,1290,true
2010349S18109,2011,SI,SIN NOMBRE,30,991,-5,false,-18.2,109.0,2010-12-15,2010-12-20,false,4,0,false
2010358S13152,2011,SP,TASHA,40,993,0,false,-17.0,146.3,2010-12-23,2010-12-26,false,6,0,false
2010363S15133,2011,SI,SIN NOMBRE,30,993,-5,false,-19.2,115.8,2010-12-29,2011-01-05,false,9,0,false
2011009S15113,2011,SI,VINCE,45,989,0,false,-15.9,108.1,2011-01-09,2011-01-16,false,0,558,false
2011010S17169,2011,SP,VANIA,55,982,0,false,-19.6,168.3,2011-01-09,2011-01-15,false,3,30,false
2011013S15151,2011,SP,ZELIA,95,952,2,false,-19.0,158.7,2011-01-12,2011-01-18,false,0,83,true
2011020S13182,2011,SP,WILMA,115,937,4,true,-23.3,175.9,2011-01-20,2011-01-30,false,1,49,true
2011021S16129,2011,SI,BIANCA,95,952,2,false,-22.8,110.2,2011-01-21,2011-01-30,false,19,0,true
2011022S16146,2011,SP,ANTHONY,55,982,0,false,-20.0,148.2,2011-01-22,2011-01-31,false,3,0,false
2011028S13180,2011,SP,YASI,135,922,4,true,-17.1,148.1,2011-01-28,2011-02-06,false,17,0,true
2011033N06083,2011,NI,SIN NOMBRE,25,1002,-5,false,6.5,82.5,2011-02-02,2011-02-02,false,0,84,false
2011034S19199,2011,SP,ZAKA,45,989,0,false,-24.3,183.7,2011-02-03,2011-02-08,false,0,276,false
2011038S11062,2011,SI,BINGIZA,100,948,3,false,-15.7,52.6,2011-02-07,2011-02-18,false,16,0,true
2011041S17113,2011,SI,SIN NOMBRE,35,996,0,false,-20.9,100.3,2011-02-09,2011-02-13,false,0,523,false
2011045S14132,2011,SI,CARLOS,65,974,1,false,-23.0,112.6,2011-02-14,2011-02-27,false,33,0,true
2011045S17119,2011,SI,DIANNE,80,963,1,false,-21.6,108.1,2011-02-14,2011-02-23,false,0,296,true
2011048S14171,2011,SP,ATU,115,937,4,true,-17.5,169.7,2011-02-16,2011-02-27,false,0,128,true
2011069S20321,2011,SA,SIN NOMBRE,45,989,-3,false,-25.8,-32.0,2011-03-09,2011-03-16,false,13,0,false
2011073S11089,2011,SI,CHERONO,45,989,0,false,-15.7,74.5,2011-03-13,2011-03-24,false,0,273,false
2011082S17184,2011,SP,BUNE,75,967,1,false,-23.8,179.2,2011-03-22,2011-04-02,false,0,339,true
2011088S10133,2011,SI,SIN NOMBRE,35,996,0,false,-13.5,127.7,2011-03-29,2011-04-05,false,14,0,false
2011091N09112,2011,WP,SIN NOMBRE,30,1000,-1,false,9.4,111.4,2011-04-01,2011-04-03,false,0,345,false
2011093N10131,2011,WP,SIN NOMBRE,30,1000,-1,false,15.3,139.2,2011-04-02,2011-04-06,false,0,472,false
2011102S26048,2011,SI,SIN NOMBRE,50,985,-5,false,-32.3,47.1,2011-04-11,2011-04-16,false,0,83,false
2011103S12126,2011,SI,ERROL,55,982,0,false,-11.1,124.8,2011-04-12,2011-04-18,false,5,0,false
2011126N11129,2011,WP,AERE,50,985,0,false,14.0,124.2,2011-05-05,2011-05-12,false,5,0,false
2011140N08142,2011,WP,SONGDA,140,918,5,true,15.6,125.8,2011-05-20,2011-05-29,false,2,11,true
2011158N11260,2011,EP,ADRIAN,120,944,4,true,14.5,-105.3,2011-06-07,2011-06-14,false,0,432,true
2011159N13122,2011,WP,SARIKA,30,1000,-1,false,17.4,117.9,2011-06-08,2011-06-11,false,6,0,false
2011160N18070,2011,NI,SIN NOMBRE,35,996,0,false,19.5,72.0,2011-06-09,2011-06-12,false,3,10,false
2011167N08129,2011,WP,HAIMA,35,993,0,false,21.2,111.8,2011-06-16,2011-06-25,false,9,0,false
2011167N22089,2011,NI,SIN NOMBRE,35,978,-5,false,22.8,88.5,2011-06-16,2011-06-22,false,27,0,false
2011170N12263,2011,EP,BEATRIZ,80,977,1,false,18.5,-104.0,2011-06-18,2011-06-22,false,2,30,true
2011172N11133,2011,WP,MEARI,55,982,0,false,26.8,123.3,2011-06-20,2011-06-27,false,3,8,false
2011179N20267,2011,NA,ARLENE,55,993,0,false,21.6,-97.0,2011-06-28,2011-07-01,false,4,0,false
2011188N14261,2011,EP,CALVIN,70,984,1,false,16.7,-109.1,2011-07-07,2011-07-14,false,0,273,true
2011192N18158,2011,WP,MA-ON,115,937,4,true,21.2,137.9,2011-07-10,2011-07-24,false,4,0,true
2011195N15134,2011,WP,TOKAGE,30,1000,-1,false,14.0,134.3,2011-07-13,2011-07-16,false,0,783,false
2011197N31280,2011,NA,BRET,60,995,0,false,27.8,-77.1,2011-07-16,2011-07-23,false,0,162,false
2011199N10271,2011,EP,DORA,135,929,4,true,16.9,-106.5,2011-07-18,2011-07-26,false,0,107,true
2011201N33301,2011,NA,CINDY,60,994,0,false,41.3,-46.1,2011-07-20,2011-07-23,false,0,816,false
2011203N24085,2011,NI,SIN NOMBRE,20,990,-5,false,24.0,84.0,2011-07-22,2011-07-23,false,4,0,false
2011205N12130,2011,WP,NOCK-TEN,65,974,1,false,15.7,122.3,2011-07-24,2011-07-30,false,11,0,true
2011208N09145,2011,WP,MUIFA,140,918,5,true,16.7,132.5,2011-07-26,2011-08-09,false,3,0,true
2011208N22274,2011,NA,DON,45,997,0,false,24.6,-91.9,2011-07-27,2011-07-30,false,1,0,false
2011212N10264,2011,EP,EUGENE,115,946,4,true,15.7,-114.7,2011-07-30,2011-08-10,false,0,590,true
2011214N15299,2011,NA,EMILY,45,1003,0,false,16.0,-66.2,2011-08-02,2011-08-07,false,5,0,false
2011215N24164,2011,WP,MERBOK,75,967,1,false,29.4,153.8,2011-08-02,2011-08-09,false,0,1035,true
2011221N17139,2011,WP,SIN NOMBRE,30,1000,-1,false,24.6,136.6,2011-08-08,2011-08-15,false,0,385,false
2011225N26302,2011,NA,GERT,55,1000,0,false,31.6,-63.2,2011-08-13,2011-08-17,false,0,563,false
2011225N35294,2011,NA,FRANKLIN,40,1004,0,false,38.6,-59.0,2011-08-12,2011-08-16,false,0,711,false
2011227N12234,2011,EP,FERNANDA,60,992,0,false,12.9,-139.5,2011-08-14,2011-08-21,false,0,397,false
2011229N14261,2011,EP,GREG,75,979,1,false,18.3,-110.8,2011-08-16,2011-08-23,false,0,204,true
2011231N15278,2011,NA,HARVEY,55,994,0,false,17.0,-88.3,2011-08-19,2011-08-22,false,11,0,false
2011233N12129,2011,WP,NANMADOL,140,918,5,true,17.2,123.6,2011-08-22,2011-08-30,false,9,0,true
2011233N15301,2011,NA,IRENE,105,942,3,false,21.9,-73.3,2011-08-21,2011-08-30,false,12,0,true
2011236N15143,2011,WP,TALAS,55,982,0,false,23.7,140.1,2011-08-24,2011-09-05,false,6,0,false
2011237N12331,2011,NA,SIN NOMBRE,30,1006,-1,false,12.3,-29.0,2011-08-25,2011-08-27,false,0,1272,false
2011239N27301,2011,NA,JOSE,40,1006,0,false,29.8,-65.5,2011-08-26,2011-08-29,false,0,592,false
2011240N10341,2011,NA,KATIA,120,942,4,true,25.6,-64.0,2011-08-28,2011-09-12,false,1,0,true
2011243N17259,2011,EP,SIN NOMBRE,30,1002,-1,false,17.1,-101.9,2011-08-31,2011-09-02,false,5,0,false
2011244N37296,2011,NA,SIN NOMBRE,40,1002,0,false,37.4,-63.7,2011-08-31,2011-09-03,false,0,387,false
2011245N21150,2011,WP,NORU,45,989,0,false,24.7,151.4,2011-09-01,2011-09-07,false,1,13,false
2011245N27269,2011,NA,LEE,50,986,0,false,29.0,-92.0,2011-09-02,2011-09-06,false,13,0,false
2011249N18133,2011,WP,KULAP,40,993,0,false,22.7,135.7,2011-09-05,2011-09-10,false,0,176,false
2011250N12324,2011,NA,MARIA,70,983,1,false,36.8,-64.8,2011-09-06,2011-09-16,false,2,0,true
2011250N20266,2011,NA,NATE,65,994,1,false,19.7,-92.3,2011-09-06,2011-09-12,false,3,0,true
2011253N20145,2011,WP,ROKE,115,937,4,true,30.3,133.6,2011-09-10,2011-09-22,false,3,0,true
2011257N19154,2011,WP,SONCA,90,956,2,false,31.7,142.5,2011-09-13,2011-09-20,false,0,326,true
2011263N12323,2011,NA,OPHELIA,120,940,4,true,32.8,-62.5,2011-09-20,2011-10-04,false,1,7,true
2011264N13264,2011,EP,HILARY,125,942,4,true,16.2,-102.7,2011-09-21,2011-10-03,false,0,110,true
2011265N21088,2011,NI,SIN NOMBRE,4,995,-5,false,21.6,87.3,2011-09-22,2011-09-23,false,5,0,false
2011266N08343,2011,NA,PHILIPPE,80,976,1,false,28.2,-59.7,2011-09-23,2011-10-09,false,0,392,true
2011266N13139,2011,WP,NESAT,115,937,4,true,16.2,123.0,2011-09-23,2011-09-30,false,7,0,true
2011267N16111,2011,WP,HAITANG,35,996,0,false,17.0,112.6,2011-09-24,2011-09-27,false,2,0,false
2011270N18139,2011,WP,NALGAE,130,926,4,true,16.8,122.7,2011-09-26,2011-10-05,false,6,0,true
2011278N12248,2011,EP,IRWIN,85,976,2,false,13.8,-120.5,2011-10-04,2011-10-18,false,0,154,true
2011279N10257,2011,EP,JOVA,110,955,3,false,16.5,-106.5,2011-10-05,2011-10-12,false,3,0,true
2011280N10268,2011,EP,SIN NOMBRE,30,1004,-1,false,13.1,-93.8,2011-10-06,2011-10-13,false,3,0,false
2011282N08136,2011,WP,BANYAN,30,1000,-1,false,7.5,130.0,2011-10-09,2011-10-15,false,5,0,false
2011290N15090,2011,NI,SIN NOMBRE,35,996,0,false,20.2,90.8,2011-10-17,2011-10-20,false,3,0,false
2011295N13279,2011,NA,RINA,100,966,3,false,17.3,-84.2,2011-10-22,2011-10-29,false,6,0,true
2011302N13062,2011,NI,KEILA,55,982,0,false,17.1,54.6,2011-10-29,2011-11-05,false,8,0,false
2011310N11066,2011,NI,SIN NOMBRE,35,996,0,false,14.2,59.0,2011-11-06,2011-11-11,false,0,219,false
2011310N29290,2011,NA,SEAN,55,982,0,false,27.9,-70.4,2011-11-06,2011-11-12,false,0,460,false
2011311N13111,2011,WP,SIN NOMBRE,25,1004,-1,false,16.0,109.0,2011-11-07,2011-11-10,false,0,67,false
2011323N09264,2011,EP,KENNETH,125,940,4,true,12.9,-113.4,2011-11-18,2011-11-26,false,0,692,true
2011330N06078,2011,NI,SIN NOMBRE,35,996,0,false,14.6,68.9,2011-11-25,2011-12-01,false,0,110,false
2011338N06114,2011,WP,SIN NOMBRE,25,1004,-1,false,6.8,114.7,2011-12-03,2011-12-05,false,0,155,false
2011344N12117,2011,WP,SIN NOMBRE,25,1004,-1,false,9.6,113.5,2011-12-09,2011-12-13,false,0,205,false
2011346N03156,2011,WP,WASHI,50,985,0,false,8.9,122.5,2011-12-11,2011-12-19,false,5,0,false
2011360N09088,2011,NI,THANE,90,956,2,false,12.0,82.1,2011-12-25,2011-12-30,false,3,0,true
2011336S06098,2012,SI,ALENGA,95,952,2,false,-17.3,96.8,2011-12-02,2011-12-09,false,0,421,true
2011337S13069,2012,SI,SIN NOMBRE,35,996,0,false,-16.9,69.5,2011-12-02,2011-12-11,false,0,446,false
2011354S14155,2012,SP,SIN NOMBRE,45,990,-5,false,-22.0,156.2,2011-12-20,2011-12-25,false,0,416,false
2011358S11132,2012,SI,GRANT,60,978,0,false,-11.7,132.8,2011-12-23,2011-12-29,false,14,0,false
2011361S09095,2012,SI,BENILDE,90,956,2,false,-14.9,76.6,2011-12-27,2012-01-09,false,0,929,true
2012006S15043,2012,SI,CHANDA,35,996,0,false,-19.1,42.8,2012-01-05,2012-01-09,false,3,0,false
2012009S12118,2012,SI,HEIDI,65,974,1,false,-20.1,118.7,2012-01-09,2012-01-13,false,7,0,true
2012010S24049,2012,SI,DANDO,45,992,-5,false,-25.1,35.0,2012-01-10,2012-01-16,false,5,0,false
2012017S10074,2012,SI,ETHEL,70,970,1,false,-19.2,64.7,2012-01-17,2012-01-24,false,0,637,true
2012018S16041,2012,SI,FUNSO,115,937,4,true,-19.8,39.4,2012-01-17,2012-02-01,false,1,45,true
2012024S15116,2012,SI,IGGY,70,970,1,false,-24.9,107.8,2012-01-23,2012-02-03,false,1,0,true
2012032S15141,2012,SP,JASMINE,115,937,4,true,-21.1,170.0,2012-01-31,2012-02-16,false,5,0,true
2012037S17176,2012,SP,CYRIL,55,982,0,false,-20.1,188.2,2012-02-05,2012-02-09,false,2,39,false
2012039S14075,2012,SI,GIOVANNA,120,933,4,true,-18.7,51.4,2012-02-08,2012-02-21,false,5,0,true
2012042S12110,2012,SI,HILWA,42,993,0,false,-34.1,63.7,2012-02-11,2012-02-24,false,0,373,false
2012046N08130,2012,WP,SIN NOMBRE,25,1004,-1,false,9.9,112.5,2012-02-17,2012-02-21,false,0,94,false
2012056S13057,2012,SI,IRINA,60,978,0,false,-16.6,43.7,2012-02-25,2012-03-11,false,10,0,false
2012060S12069,2012,SI,SIN NOMBRE,35,996,0,false,-13.9,66.9,2012-02-28,2012-03-02,false,0,747,false
2012066S10101,2012,SI,JONI:KOJI,75,967,1,false,-19.1,82.3,2012-03-05,2012-03-15,false,0,588,true
2012070S17112,2012,SI,LUA,95,952,2,false,-18.6,119.6,2012-03-10,2012-03-18,false,5,0,true
2012071S10132,2012,SI,SIN NOMBRE,30,993,-5,false,-13.1,128.1,2012-03-11,2012-03-21,false,30,0,false
2012086N10116,2012,WP,PAKHAR,60,978,0,false,9.7,111.4,2012-03-27,2012-04-01,false,2,0,false
2012092S16166,2012,SP,DAPHNE,55,982,0,false,-25.6,179.5,2012-04-01,2012-04-06,false,2,10,false
2012127S05127,2012,SI,SIN NOMBRE,30,1000,-1,false,-5.8,127.0,2012-05-06,2012-05-09,false,0,86,false
2012135N10255,2012,EP,ALETTA,45,1000,0,false,11.1,-109.9,2012-05-13,2012-05-20,false,0,944,false
2012140N33283,2012,NA,ALBERTO,50,995,0,false,32.1,-78.1,2012-05-19,2012-05-23,false,0,124,false
2012141N11148,2012,WP,SANVU,80,963,1,false,23.6,139.9,2012-05-20,2012-05-27,false,0,1062,true
2012142N09262,2012,EP,BUD,100,961,3,false,16.8,-106.1,2012-05-20,2012-05-26,false,3,15,true
2012147N30284,2012,NA,BERYL,60,993,0,false,30.1,-80.7,2012-05-25,2012-06-02,false,11,0,false
2012152N12130,2012,WP,MAWAR,105,944,3,false,21.6,126.2,2012-05-31,2012-06-06,false,0,163,true
2012156S07066,2012,SI,KUENA,55,982,0,false,-10.3,57.8,2012-06-03,2012-06-08,false,0,736,false
2012162N06150,2012,WP,GUCHOL,130,926,4,true,16.2,128.4,2012-06-10,2012-06-20,false,2,0,true
2012166N09269,2012,EP,CARLOTTA,90,976,2,false,15.6,-96.7,2012-06-13,2012-06-17,false,6,0,true
2012168N19112,2012,WP,TALIM,50,985,0,false,20.8,116.3,2012-06-17,2012-06-20,false,3,38,false
2012169N29291,2012,NA,CHRIS,75,974,1,false,40.5,-43.9,2012-06-17,2012-06-24,false,0,496,true
2012176N26272,2012,NA,DEBBY,55,990,0,false,27.6,-86.8,2012-06-23,2012-06-27,false,3,0,false
2012177N11135,2012,WP,DOKSURI,40,993,0,false,20.9,116.2,2012-06-25,2012-06-30,false,2,0,false
2012179S09153,2012,SP,SIN NOMBRE,35,996,0,false,-11.6,154.9,2012-06-27,2012-07-01,false,0,223,false
2012186N12255,2012,EP,DANIEL,100,961,3,false,14.9,-121.7,2012-07-04,2012-07-14,false,0,438,true
2012189N10262,2012,EP,EMILIA,120,945,4,true,13.6,-112.9,2012-07-07,2012-07-18,false,0,515,true
2012193N12259,2012,EP,FABIO,95,966,2,false,16.5,-116.3,2012-07-10,2012-07-20,false,0,203,true
2012196N19144,2012,WP,KHANUN,55,982,0,false,28.7,127.5,2012-07-13,2012-07-19,false,4,0,false
2012201N15129,2012,WP,VICENTE,115,937,4,true,21.7,113.4,2012-07-20,2012-07-25,false,7,0,true
2012209N11131,2012,WP,SAOLA,90,956,2,false,23.4,123.4,2012-07-27,2012-08-03,false,5,0,true
2012209N25149,2012,WP,DAMREY,80,963,1,false,32.8,124.4,2012-07-28,2012-08-03,false,4,0,true
2012215N12313,2012,NA,ERNESTO,80,973,1,false,18.7,-87.1,2012-08-01,2012-08-10,false,9,0,true
2012215N23146,2012,WP,HAIKUI,65,974,1,false,27.3,124.9,2012-08-01,2012-08-09,false,9,0,true
2012216N12337,2012,NA,FLORENCE,50,1002,0,false,15.8,-32.5,2012-08-03,2012-08-08,false,0,667,false
2012216N24162,2012,WP,KIROGI,45,989,0,false,37.6,152.9,2012-08-04,2012-08-10,false,0,95,false
2012219N12254,2012,EP,GILMA,70,984,1,false,16.3,-118.3,2012-08-06,2012-08-14,false,0,708,true
2012223N14317,2012,NA,HELENE,40,1004,0,false,20.3,-95.9,2012-08-09,2012-08-19,false,11,0,false
2012225N16133,2012,WP,KAI-TAK,65,974,1,false,19.1,117.1,2012-08-11,2012-08-18,false,6,0,true
2012225N18255,2012,EP,HECTOR,45,995,0,false,18.3,-108.7,2012-08-11,2012-08-20,false,0,204,false
2012229N28305,2012,NA,GORDON,95,965,2,false,34.3,-35.0,2012-08-15,2012-08-21,false,0,619,true
2012230N21126,2012,WP,TEMBIN,120,933,4,true,22.7,122.5,2012-08-18,2012-08-30,false,7,0,true
2012232N13141,2012,WP,BOLAVEN,125,929,4,true,22.9,132.7,2012-08-18,2012-08-29,false,3,0,true
2012234N16315,2012,NA,ISAAC,70,966,1,false,28.6,-88.8,2012-08-20,2012-09-01,false,19,0,true
2012235N11328,2012,NA,JOYCE,35,1006,0,false,14.8,-41.1,2012-08-21,2012-08-24,false,0,1574,false
2012239N11261,2012,EP,ILEANA,75,978,1,false,20.5,-113.8,2012-08-25,2012-09-06,false,0,439,true
2012242N13333,2012,NA,LESLIE,70,968,1,false,25.6,-62.8,2012-08-28,2012-09-12,false,1,0,true
2012242N24317,2012,NA,KIRK,90,970,2,false,29.6,-50.7,2012-08-28,2012-09-03,false,0,1077,true
2012246N29323,2012,NA,MICHAEL,100,964,3,false,29.9,-41.4,2012-09-02,2012-09-12,false,0,790,true
2012247N18252,2012,EP,JOHN,40,1000,0,false,18.0,-108.9,2012-09-02,2012-09-07,false,0,345,false
2012254N09135,2012,WP,SANBA,155,907,5,true,17.2,129.7,2012-09-10,2012-09-18,false,2,0,true
2012255N16322,2012,NA,NADINE,80,978,1,false,36.8,-38.3,2012-09-10,2012-10-04,false,0,870,true
2012256N15257,2012,EP,KRISTY,50,998,0,false,19.8,-111.5,2012-09-11,2012-09-19,false,0,223,false
2012260N13237,2012,EP,LANE,75,985,1,false,18.0,-127.4,2012-09-15,2012-09-20,false,0,1635,true
2012263N15141,2012,WP,JELAWAT,140,918,5,true,15.2,127.9,2012-09-19,2012-10-01,false,3,0,true
2012266N14254,2012,EP,MIRIAM,105,959,3,false,17.5,-112.5,2012-09-22,2012-10-02,false,0,443,true
2012267N16141,2012,WP,EWINIAR,55,982,0,false,30.4,142.2,2012-09-23,2012-09-30,false,0,404,false
2012272N22251,2012,EP,NORMAN,45,997,0,false,21.5,-108.7,2012-09-28,2012-09-30,false,3,0,false
2012273N13112,2012,WP,GAEMI,55,982,0,false,15.4,117.4,2012-09-30,2012-10-07,false,3,0,false
2012274N13151,2012,WP,MALIKSI,45,989,0,false,20.9,142.6,2012-09-29,2012-10-04,false,0,341,false
2012277N12322,2012,NA,OSCAR,45,994,0,false,20.2,-42.0,2012-10-02,2012-10-05,false,0,1721,false
2012279N15145,2012,WP,PRAPIROON,105,944,3,false,19.6,128.5,2012-10-06,2012-10-19,false,0,352,true
2012281N14242,2012,EP,OLIVIA,50,997,0,false,14.2,-120.7,2012-10-06,2012-10-10,false,0,1317,false
2012285N21091,2012,NI,SIN NOMBRE,30,1002,-5,false,22.0,91.0,2012-10-10,2012-10-11,false,2,22,false
2012285N26288,2012,NA,PATTY,40,1005,0,false,25.5,-72.4,2012-10-10,2012-10-13,false,0,465,false
2012287N15297,2012,NA,RAFAEL,80,966,1,false,24.6,-65.6,2012-10-12,2012-10-26,false,2,0,true
2012287N16147,2012,WP,MARIA,55,982,0,false,26.8,141.0,2012-10-13,2012-10-20,false,0,757,false
2012288N14248,2012,EP,PAUL,105,959,3,false,17.9,-114.4,2012-10-13,2012-10-18,false,4,9,true
2012296N06135,2012,WP,SON-TINH,105,944,3,false,17.5,108.9,2012-10-22,2012-10-29,false,8,0,true
2012296N14283,2012,NA,SANDY,100,940,3,false,20.1,-76.0,2012-10-21,2012-10-31,false,9,0,true
2012296N20309,2012,NA,TONY,45,1000,0,false,27.9,-46.8,2012-10-21,2012-10-26,false,0,1175,false
2012297N11067,2012,NI,MURJAN,35,996,0,false,10.5,55.9,2012-10-22,2012-10-26,false,3,0,false
2012301N11087,2012,NI,NILAM,50,985,0,false,10.4,82.5,2012-10-27,2012-11-01,false,6,0,false
2012304N14246,2012,EP,ROSA,45,1001,0,false,14.4,-117.1,2012-10-29,2012-11-05,false,0,1123,false
2012317N07118,2012,WP,SIN NOMBRE,25,1004,-1,false,7.6,115.4,2012-11-12,2012-11-14,false,1,0,false
2012321N14090,2012,NI,SIN NOMBRE,35,996,0,false,16.2,88.9,2012-11-16,2012-11-23,false,3,0,false
2012331N03157,2012,WP,BOPHA,150,911,5,true,7.6,127.2,2012-11-26,2012-12-09,false,5,0,true
2012357N09064,2012,NI,SIN NOMBRE,35,996,0,false,8.7,60.2,2012-12-22,2012-12-25,false,0,59,false
2012359N08134,2012,WP,WUKONG,35,996,0,false,10.8,124.8,2012-12-24,2012-12-29,false,4,0,false
2012285S04077,2013,SI,ANAIS,115,937,4,true,-11.9,65.4,2012-10-11,2012-10-19,false,1,33,true
2012325S09084,2013,SI,BOLDWIN,55,982,0,false,-13.9,75.3,2012-11-20,2012-11-25,false,0,1713,false
2012337S06089,2013,SI,CLAUDIA,115,937,4,true,-14.6,74.5,2012-12-02,2012-12-13,false,0,1204,true
2012346S14180,2013,SP,EVAN,125,929,4,true,-17.2,177.6,2012-12-10,2012-12-27,false,7,0,true
2012362S08071,2013,SI,DUMILE,75,967,1,false,-24.2,54.0,2012-12-27,2013-01-06,false,0,112,true
2012362S08165,2013,SP,FREDA,110,941,3,false,-15.9,161.0,2012-12-27,2013-01-03,false,2,11,true
2012362S13116,2013,SI,MITCHELL,45,989,0,false,-18.0,110.6,2012-12-26,2012-12-31,false,0,359,false
2013001N04141,2013,WP,SONAMU,40,993,0,false,8.0,112.1,2013-01-01,2013-01-08,false,3,0,false
2013005S10126,2013,SI,NARELLE,120,933,4,true,-18.3,112.3,2013-01-05,2013-01-15,false,0,78,true
2013009S11084,2013,SI,EMANG,35,996,0,false,-11.5,80.6,2013-01-08,2013-01-19,false,0,883,false
2013019S12174,2013,SP,GARRY,85,959,2,false,-15.6,198.2,2013-01-18,2013-01-29,false,0,210,true
2013020S16137,2013,SP,OSWALD,45,989,0,false,-15.5,141.4,2013-01-20,2013-01-28,false,32,0,false
2013020S17124,2013,SI,PETA,35,996,0,false,-20.3,117.7,2013-01-20,2013-01-26,false,15,0,false
2013026S13067,2013,SI,FELLENG,115,937,4,true,-16.1,52.7,2013-01-25,2013-02-05,false,0,170,true
2013040S16199,2013,SP,HALEY,45,989,0,false,-20.8,-155.2,2013-02-08,2013-02-14,false,0,1193,false
2013041S10087,2013,SI,GINO,90,956,2,false,-21.0,79.9,2013-02-09,2013-02-17,false,0,1586,true
2013046S20042,2013,SI,HARUNA,105,944,3,false,-22.3,41.5,2013-02-14,2013-02-28,false,9,0,true
2013049N05131,2013,WP,SHANSHAN,25,1004,-1,false,6.2,110.1,2013-02-19,2013-02-23,false,1,35,false
2013051S12102,2013,SI,SIN NOMBRE,40,993,0,false,-12.9,97.9,2013-02-20,2013-02-28,false,0,653,false
2013052S13126,2013,SI,RUSTY,100,948,3,false,-19.3,119.2,2013-02-21,2013-03-01,false,8,0,true
2013064S18149,2013,SP,SANDRA,110,941,3,false,-16.8,161.3,2013-03-05,2013-03-17,false,0,181,true
2013072S12140,2013,SP,TIM,50,985,0,false,-15.3,151.2,2013-03-12,2013-03-20,false,0,54,false
2013093S08074,2013,SI,IMELDA,85,959,2,false,-12.4,58.0,2013-04-03,2013-04-20,false,0,94,true
2013097S06099,2013,SI,VICTORIA,75,967,1,false,-15.6,103.8,2013-04-06,2013-04-12,false,0,386,true
2013117S10155,2013,SP,ZANE,65,974,1,false,-14.1,148.9,2013-04-26,2013-05-02,false,1,0,true
2013128S05086,2013,SI,JAMALA,45,989,0,false,-7.9,85.9,2013-05-07,2013-05-16,false,0,1377,false
2013130N04093,2013,NI,MAHASEN:VIYARU,45,989,0,false,7.8,90.2,2013-05-09,2013-05-16,false,3,0,false
2013134N07265,2013,EP,ALVIN,50,1000,0,false,8.9,-106.4,2013-05-13,2013-05-17,false,0,846,false
2013149N14264,2013,EP,BARBARA,65,986,1,false,15.7,-94.2,2013-05-28,2013-05-30,false,4,0,true
2013149N21090,2013,NI,SIN NOMBRE,25,990,-5,false,21.3,89.3,2013-05-29,2013-05-31,false,8,0,false
2013157N25273,2013,NA,ANDREA,55,993,0,false,27.8,-84.9,2013-06-05,2013-06-08,false,8,0,false
2013158N13129,2013,WP,YAGI,55,982,0,false,26.0,135.8,2013-06-07,2013-06-15,false,0,251,false
2013167N12128,2013,WP,LEEPI,35,996,0,false,19.0,126.3,2013-06-16,2013-06-21,false,0,145,false
2013167N12279,2013,NA,BARRY,40,1003,0,false,19.6,-94.8,2013-06-16,2013-06-21,false,14,0,false
2013171N15117,2013,WP,BEBINCA,35,996,0,false,19.1,114.4,2013-06-19,2013-06-24,false,6,0,false
2013175N12256,2013,EP,COSME,75,980,1,false,17.8,-112.8,2013-06-23,2013-06-30,false,0,494,true
2013178N09133,2013,WP,RUMBIA,70,970,1,false,19.7,111.7,2013-06-27,2013-07-02,false,8,0,true
2013180N11256,2013,EP,DALILA,70,984,1,false,18.4,-107.0,2013-06-28,2013-07-08,false,0,200,true
2013186N13262,2013,EP,ERICK,70,983,1,false,17.4,-104.0,2013-07-04,2013-07-09,false,0,84,true
2013187N20156,2013,WP,SOULIK,125,929,4,true,21.1,135.8,2013-07-06,2013-07-13,false,5,0,true
2013189N09319,2013,NA,CHANTAL,55,1003,0,false,13.9,-60.3,2013-07-07,2013-07-10,false,0,102,false
2013196N14128,2013,WP,CIMARON,40,993,0,false,19.5,121.0,2013-07-14,2013-07-19,false,4,0,false
2013204N11340,2013,NA,DORIAN,50,1002,0,false,15.3,-33.9,2013-07-22,2013-08-04,false,1,30,false
2013206N15238,2013,EP,FLOSSIE,60,994,0,false,17.7,-138.4,2013-07-25,2013-07-30,false,2,22,false
2013210N13122,2013,WP,JEBI,60,978,0,false,18.8,111.8,2013-07-30,2013-08-03,false,4,0,false
2013211N11248,2013,EP,GIL,75,985,1,false,14.3,-124.6,2013-07-30,2013-08-06,false,0,1154,true
2013211N21088,2013,NI,SIN NOMBRE,25,990,-5,false,21.5,87.5,2013-07-30,2013-08-01,false,7,0,false
2013214N13243,2013,EP,HENRIETTE,90,976,2,false,17.2,-138.9,2013-08-02,2013-08-12,false,0,597,true
2013217N11118,2013,WP,MANGKHUT,45,989,0,false,18.8,107.2,2013-08-05,2013-08-08,false,3,0,false
2013220N12137,2013,WP,UTOR,130,926,4,true,15.5,123.5,2013-08-08,2013-08-15,false,8,0,true
2013221N11244,2013,EP,SIN NOMBRE,30,1007,-1,false,18.1,185.4,2013-08-09,2013-08-21,false,0,495,false
2013224N12220,2013,EP,UNALA,35,1005,0,false,17.0,182.1,2013-08-12,2013-08-19,false,0,716,false
2013227N08193,2013,EP,PEWA,65,987,1,false,13.3,178.4,2013-08-15,2013-08-25,false,0,1781,true
2013227N14337,2013,NA,ERIN,40,1006,0,false,18.0,-33.8,2013-08-15,2013-08-19,false,0,631,false
2013228N23124,2013,WP,TRAMI,75,967,1,false,25.6,122.9,2013-08-16,2013-08-23,false,6,0,true
2013229N26132,2013,WP,SIN NOMBRE,30,997,-1,false,27.7,128.0,2013-08-16,2013-08-19,false,2,0,false
2013232N14252,2013,EP,IVO,40,997,0,false,20.5,-111.8,2013-08-20,2013-08-27,false,0,111,false
2013232N22088,2013,NI,SIN NOMBRE,25,990,-5,false,22.0,87.5,2013-08-20,2013-08-23,false,12,0,false
2013237N11129,2013,WP,KONG-REY,50,985,0,false,21.8,122.7,2013-08-25,2013-08-31,false,1,22,false
2013238N19266,2013,NA,FERNAND,50,1001,0,false,19.2,-95.9,2013-08-25,2013-08-26,false,5,0,false
2013241N19254,2013,EP,JULIETTE,55,997,0,false,23.8,-111.0,2013-08-28,2013-08-30,false,2,23,false
2013241N29169,2013,WP,YUTU,35,1002,-5,false,32.5,176.2,2013-09-01,2013-09-01,false,0,2426,false
2013242N15245,2013,EP,KIKO,65,989,1,false,20.3,-115.6,2013-08-29,2013-09-04,false,0,466,true
2013243N26122,2013,WP,TORAJI,50,985,0,false,28.8,127.6,2013-08-31,2013-09-04,false,3,0,false
2013248N16294,2013,NA,GABRIELLE,55,1003,0,false,30.1,-64.8,2013-09-04,2013-09-13,false,2,15,false
2013248N17255,2013,EP,LORENA,45,1002,0,false,21.8,-109.0,2013-09-04,2013-09-09,false,2,44,false
2013250N22263,2013,NA,SIN NOMBRE,30,1008,-1,false,22.4,-97.4,2013-09-06,2013-09-07,false,4,0,false
2013251N13342,2013,NA,HUMBERTO,80,979,1,false,17.4,-28.9,2013-09-08,2013-09-19,false,0,92,true
2013255N19268,2013,NA,INGRID,75,983,1,false,21.6,-94.7,2013-09-12,2013-09-17,false,5,0,true
2013255N20148,2013,WP,MAN-YI,60,978,0,false,31.5,135.0,2013-09-12,2013-09-16,false,2,0,false
2013257N15259,2013,EP,MANUEL,65,983,1,false,24.1,-108.2,2013-09-13,2013-09-19,false,10,0,true
2013259N17132,2013,WP,USAGI,135,922,4,true,18.2,127.2,2013-09-16,2013-09-23,false,4,0,true
2013260N15112,2013,WP,SIN NOMBRE,25,1004,-1,false,16.3,109.4,2013-09-18,2013-09-18,false,1,10,false
2013262N14149,2013,WP,PABUK,90,956,2,false,28.4,138.7,2013-09-20,2013-09-27,false,0,431,true
2013269N15118,2013,WP,WUTIP,100,948,3,false,16.7,111.7,2013-09-26,2013-10-01,false,3,0,true
2013271N21310,2013,NA,JERRY,45,1005,0,false,27.5,-43.9,2013-09-28,2013-10-06,false,0,1533,false
2013272N10135,2013,WP,FITOW,90,956,2,false,23.7,128.5,2013-09-29,2013-10-07,false,2,0,true
2013272N26152,2013,WP,SEPAT,40,993,0,false,30.1,141.5,2013-09-29,2013-10-03,false,0,101,false
2013274N18152,2013,WP,DANAS,120,933,4,true,25.2,130.2,2013-10-02,2013-10-08,false,0,71,true
2013276N21273,2013,NA,KAREN,55,999,0,false,22.1,-87.4,2013-10-03,2013-10-06,false,1,15,false
2013280N13242,2013,EP,NARDA,55,997,0,false,14.4,-122.8,2013-10-06,2013-10-12,false,0,1402,false
2013281N12098,2013,NI,PHAILIN,140,918,5,true,16.8,87.7,2013-10-07,2013-10-14,false,7,0,true
2013282N14132,2013,WP,NARI,100,948,3,false,15.5,122.4,2013-10-08,2013-10-15,false,4,0,true
2013282N14149,2013,WP,WIPHA,120,933,4,true,20.6,135.9,2013-10-09,2013-10-16,false,0,121,true
2013286N15251,2013,EP,OCTAVE,55,994,0,false,18.8,-112.8,2013-10-12,2013-10-16,false,4,0,false
2013287N13243,2013,EP,PRISCILLA,40,1001,0,false,14.7,-115.6,2013-10-13,2013-10-18,false,0,908,false
2013289N14149,2013,WP,FRANCISCO,140,918,5,true,17.1,139.1,2013-10-15,2013-10-26,false,0,312,true
2013290N14153,2013,WP,SIN NOMBRE,30,1000,-1,false,20.1,151.3,2013-10-17,2013-10-22,false,0,533,false
2013292N09162,2013,WP,LEKIMA,140,918,5,true,18.0,153.9,2013-10-19,2013-10-26,false,0,696,true
2013293N13260,2013,EP,RAYMOND,110,951,3,false,16.4,-102.1,2013-10-19,2013-11-01,false,0,131,true
2013294N28304,2013,NA,LORENZO,45,1000,0,false,29.4,-52.4,2013-10-21,2013-10-26,false,0,1427,false
2013301N13142,2013,WP,KROSA,105,944,3,false,19.6,115.9,2013-10-28,2013-11-04,false,3,0,true
2013305N07141,2013,WP,SIN NOMBRE,35,996,0,false,10.8,116.9,2013-11-01,2013-11-21,false,17,0,false
2013305N16252,2013,EP,SONIA,40,1002,0,false,19.5,-110.0,2013-11-01,2013-11-04,false,1,0,false
2013306N07162,2013,WP,HAIYAN,170,895,5,true,10.2,129.1,2013-11-02,2013-11-11,false,4,0,true
2013310N06066,2013,NI,SIN NOMBRE,45,989,0,false,8.0,53.1,2013-11-06,2013-11-12,false,5,0,false
2013316N06130,2013,WP,PODUL,30,1000,-1,false,11.9,111.7,2013-11-11,2013-11-15,false,5,0,false
2013321N24308,2013,NA,MELISSA,55,980,0,false,30.8,-54.7,2013-11-17,2013-11-23,false,0,664,false
2013322N13090,2013,NI,HELEN,70,970,1,false,15.9,83.3,2013-11-18,2013-11-23,false,6,0,true
2013324N07103,2013,WP,LEHAR,75,967,1,false,12.4,91.1,2013-11-19,2013-11-29,false,10,0,true
2013337N15139,2013,WP,SIN NOMBRE,30,1000,-1,false,15.7,138.8,2013-12-02,2013-12-04,false,0,1404,false
2013338N34332,2013,NA,SIN NOMBRE,55,995,-2,false,33.9,-27.8,2013-12-03,2013-12-07,false,0,1121,false
2013339N09084,2013,NI,MADI,85,959,2,false,15.4,85.3,2013-12-05,2013-12-12,false,2,0,true
2013296S07079,2014,SI,SIN NOMBRE,40,993,0,false,-12.4,65.5,2013-10-23,2013-10-29,false,0,461,false
2013324S11113,2014,SI,ALESSIA,45,989,0,false,-14.6,121.7,2013-11-20,2013-11-30,false,22,0,false
2013348S10082,2014,SI,AMARA,130,926,4,true,-20.1,64.3,2013-12-14,2013-12-28,false,0,319,true
2013350S08099,2014,SI,BRUCE,140,918,5,true,-14.4,85.0,2013-12-16,2013-12-25,false,0,616,true
2013360S12124,2014,SI,CHRISTINE,100,948,3,false,-20.4,117.7,2013-12-25,2014-01-01,false,9,0,true
2013362S09053,2014,SI,BEJISA,115,937,4,true,-19.0,53.7,2013-12-27,2014-01-07,false,1,47,true
2014003N08086,2014,NI,SIN NOMBRE,40,993,0,false,9.2,82.5,2014-01-02,2014-01-08,false,7,0,false
2014004S17183,2014,SP,IAN,130,926,4,true,-20.4,-173.9,2014-01-04,2014-01-15,false,0,330,true
2014007S11104,2014,SI,COLIN,120,933,4,true,-17.7,78.6,2014-01-07,2014-01-16,false,0,502,true
2014015N10129,2014,WP,LINGLING,30,1000,-1,false,9.2,127.8,2014-01-16,2014-01-20,false,0,139,false
2014015S16043,2014,SI,DELIWE,50,985,0,false,-22.3,42.8,2014-01-14,2014-01-22,false,11,0,false
2014017S14160,2014,SP,JUNE,45,987,0,false,-19.2,163.1,2014-01-16,2014-01-21,false,3,0,false
2014027S14155,2014,SP,DYLAN,45,989,0,false,-18.1,148.4,2014-01-27,2014-01-31,false,4,0,false
2014029N10143,2014,WP,KAJIKI,35,996,0,false,10.0,128.2,2014-01-29,2014-02-01,false,2,0,false
2014030S14129,2014,SI,FLETCHER,35,992,-5,false,-17.3,140.1,2014-01-30,2014-02-12,false,49,0,false
2014031S17149,2014,SP,EDNA,55,982,0,false,-22.0,164.4,2014-01-31,2014-02-07,false,0,66,false
2014032S13123,2014,SI,SIN NOMBRE,55,984,-5,false,-14.9,129.5,2014-02-01,2014-02-14,false,48,0,false
2014034S14058,2014,SI,EDILSON,55,982,0,false,-22.6,57.7,2014-02-03,2014-02-09,false,0,121,false
2014036S12073,2014,SI,FOBANE,60,978,0,false,-18.7,75.6,2014-02-05,2014-02-17,false,0,995,false
2014048S16039,2014,SI,GUITO,65,974,1,false,-23.4,39.1,2014-02-17,2014-02-24,false,3,0,true
2014056S18175,2014,SP,KOFI,50,985,0,false,-23.7,185.9,2014-02-25,2014-03-05,false,8,0,false
2014058N09149,2014,WP,FAXAI,80,963,1,false,18.8,151.7,2014-02-26,2014-03-06,false,0,1180,true
2014066S09138,2014,SP,GILLIAN,140,918,5,true,-15.4,103.6,2014-03-07,2014-03-28,false,15,0,true
2014066S15152,2014,SP,HADI,40,993,0,false,-18.9,151.6,2014-03-07,2014-03-12,false,0,260,false
2014068S16169,2014,SP,LUSI,70,970,1,false,-21.7,174.1,2014-03-08,2014-03-17,false,8,0,true
2014077S11196,2014,SP,MIKE,50,986,0,false,-28.0,-159.6,2014-03-17,2014-03-26,false,0,802,false
2014080N08128,2014,WP,SIN NOMBRE,25,1004,-1,false,9.3,126.9,2014-03-21,2014-03-23,false,4,11,false
2014086S10041,2014,SI,HELLEN,130,926,4,true,-14.7,44.7,2014-03-26,2014-04-05,false,13,0,true
2014092S11159,2014,SP,ITA,140,918,5,true,-12.8,146.5,2014-04-02,2014-04-18,false,8,0,true
2014093N02148,2014,WP,PEIPAH,35,996,0,false,2.6,144.6,2014-04-03,2014-04-05,false,0,448,false
2014093S11085,2014,SI,IVANOE,45,989,0,false,-18.3,81.3,2014-04-03,2014-04-06,false,0,2094,false
2014106S10099,2014,SI,JACK,90,956,2,false,-14.6,90.7,2014-04-16,2014-04-22,false,0,751,true
2014117N10145,2014,WP,TAPAH,70,970,1,false,16.5,147.4,2014-04-26,2014-05-02,false,0,1222,true
2014141N16091,2014,NI,SIN NOMBRE,25,1000,-5,false,16.0,90.5,2014-05-21,2014-05-23,false,0,199,false
2014142N10254,2014,EP,AMANDA,135,932,4,true,11.7,-111.1,2014-05-22,2014-05-29,false,0,649,true
2014153N12267,2014,EP,BORIS,40,998,0,false,14.9,-94.1,2014-06-01,2014-06-04,false,3,22,false
2014159N12068,2014,NI,NANAUK,55,982,0,false,16.6,67.2,2014-06-08,2014-06-14,false,0,340,false
2014160N15259,2014,EP,CRISTINA,130,935,4,true,16.4,-106.8,2014-06-09,2014-06-19,false,0,204,true
2014160N21120,2014,WP,MITAG,40,994,-5,false,24.1,127.9,2014-06-11,2014-06-11,false,0,427,false
2014164N19116,2014,WP,HAGIBIS,50,985,0,false,22.1,116.8,2014-06-14,2014-06-18,false,7,0,false
2014180N14255,2014,EP,DOUGLAS,45,999,0,false,19.1,-115.7,2014-06-28,2014-07-09,false,0,506,false
2014180N32282,2014,NA,ARTHUR,85,973,2,false,34.0,-77.3,2014-06-28,2014-07-09,false,7,0,true
2014181N17257,2014,EP,ELIDA,45,1002,0,false,17.0,-103.0,2014-06-30,2014-07-02,false,0,112,false
2014184N08147,2014,WP,NEOGURI,140,918,5,true,20.4,128.3,2014-07-02,2014-07-11,false,4,0,true
2014187N11247,2014,EP,FAUSTO,40,1004,0,false,9.4,-119.2,2014-07-06,2014-07-09,false,0,1287,false
2014190N08154,2014,WP,RAMMASUN,140,918,5,true,19.9,111.3,2014-07-09,2014-07-20,false,12,0,true
2014195N11232,2014,EP,WALI,40,1003,0,false,13.2,-140.8,2014-07-13,2014-07-19,false,0,1164,false
2014197N10137,2014,WP,MATMO,85,959,2,false,21.9,122.7,2014-07-16,2014-07-25,false,10,0,true
2014201N09331,2014,NA,SIN NOMBRE,30,1012,-1,false,11.4,-41.6,2014-07-19,2014-07-23,false,0,749,false
2014202N22087,2014,NI,SIN NOMBRE,20,988,-5,false,22.2,86.4,2014-07-21,2014-07-23,false,9,0,false
2014204N10239,2014,EP,GENEVIEVE,140,918,5,true,15.1,178.7,2014-07-22,2014-08-13,false,0,761,true
2014207N12255,2014,EP,HERNAN,65,992,1,false,18.3,-111.7,2014-07-26,2014-07-31,false,0,524,true
2014209N12152,2014,WP,HALONG,140,918,5,true,15.0,135.1,2014-07-27,2014-08-10,false,3,0,true
2014209N16134,2014,WP,NAKRI,40,992,0,false,26.1,127.0,2014-07-27,2014-08-03,false,1,50,false
2014210N10323,2014,NA,BERTHA,70,996,1,false,26.8,-73.6,2014-07-29,2014-08-09,false,2,21,true
2014212N11242,2014,EP,ISELLE,120,947,4,true,16.1,-136.9,2014-07-30,2014-08-10,false,2,0,true
2014214N13249,2014,EP,JULIO,105,960,3,false,17.6,-139.8,2014-08-02,2014-08-18,false,0,501,true
2014216N21089,2014,NI,SIN NOMBRE,30,990,-5,false,21.9,88.3,2014-08-03,2014-08-07,false,15,0,false
2014225N15255,2014,EP,KARINA,75,983,1,false,16.5,-134.7,2014-08-12,2014-08-28,false,0,392,true
2014229N16246,2014,EP,LOWELL,65,980,1,false,19.8,-121.8,2014-08-17,2014-08-28,false,0,863,true
2014234N12261,2014,EP,MARIE,140,918,5,true,15.9,-111.9,2014-08-22,2014-09-02,false,0,428,true
2014236N22288,2014,NA,CRISTOBAL,75,963,1,false,37.5,-63.6,2014-08-23,2014-09-02,false,3,0,true
2014245N19268,2014,NA,DOLLY,45,1001,0,false,22.8,-95.6,2014-09-01,2014-09-04,false,5,0,false
2014246N17254,2014,EP,NORBERT,110,950,3,false,24.4,-113.1,2014-09-02,2014-09-11,false,0,93,true
2014248N19129,2014,WP,FENGSHEN,65,974,1,false,31.6,140.5,2014-09-05,2014-09-10,false,0,358,true
2014249N14118,2014,WP,SIN NOMBRE,30,1000,-1,false,19.4,112.0,2014-09-05,2014-09-08,false,1,0,false
2014253N13244,2014,EP,SIN NOMBRE,30,1003,-1,false,13.3,-118.1,2014-09-10,2014-09-16,false,0,113,false
2014253N13260,2014,EP,ODILE,120,918,4,true,18.5,-107.0,2014-09-09,2014-09-18,false,11,0,true
2014254N10142,2014,WP,KALMAEGI,80,963,1,false,20.5,109.8,2014-09-10,2014-09-17,false,7,0,true
2014254N14327,2014,NA,EDOUARD,105,955,3,false,30.6,-57.8,2014-09-10,2014-09-22,false,0,967,true
2014259N11262,2014,EP,POLO,65,979,1,false,16.0,-104.0,2014-09-16,2014-09-26,false,0,143,true
2014260N13135,2014,WP,FUNG-WONG,50,981,0,false,21.8,120.3,2014-09-17,2014-09-23,false,11,9,false
2014267N15257,2014,EP,RACHEL,75,980,1,false,20.3,-116.7,2014-09-24,2014-10-03,false,0,352,true
2014267N18150,2014,WP,KAMMURI,55,982,0,false,23.3,145.3,2014-09-24,2014-09-30,false,0,538,false
2014271N10160,2014,WP,PHANFONE,135,922,4,true,25.5,132.8,2014-09-27,2014-10-06,false,1,0,true
2014274N15260,2014,EP,SIMON,115,946,4,true,21.0,-115.6,2014-09-30,2014-10-09,false,4,0,true
2014275N06166,2014,WP,VONGFONG,155,907,5,true,17.7,133.2,2014-10-01,2014-10-13,false,4,0,true
2014279N11096,2014,NI,HUDHUD,115,937,4,true,16.2,84.9,2014-10-06,2014-10-14,false,9,0,true
2014283N22299,2014,NA,FAY,70,983,1,false,33.1,-63.9,2014-10-10,2014-10-13,false,0,584,true
2014284N10231,2014,EP,ANA,75,985,1,false,17.5,-157.0,2014-10-10,2014-10-26,false,0,146,true
2014285N16305,2014,NA,GONZALO,125,940,4,true,25.6,-68.7,2014-10-11,2014-10-20,false,0,185,true
2014290N14261,2014,EP,TRUDY,50,999,0,false,16.2,-98.9,2014-10-17,2014-10-19,false,4,0,false
2014294N20265,2014,NA,HANNA,35,1000,0,false,15.0,-82.4,2014-10-21,2014-10-29,false,15,0,false
2014297N11062,2014,NI,NILOFAR,115,937,4,true,16.8,61.8,2014-10-23,2014-11-01,false,0,365,true
2014303N11261,2014,EP,VANCE,95,964,2,false,15.9,-110.9,2014-10-29,2014-11-05,false,0,184,true
2014303N13141,2014,WP,NURI,155,907,5,true,17.8,132.4,2014-10-30,2014-11-06,false,0,442,true
2014309N13088,2014,NI,SIN NOMBRE,35,996,0,false,13.8,87.3,2014-11-05,2014-11-09,false,0,162,false
2014329N08131,2014,WP,SINLAKU,55,982,0,false,12.8,111.8,2014-11-25,2014-11-30,false,6,0,false
2014334N02156,2014,WP,HAGUPIT,155,907,5,true,9.8,133.8,2014-11-30,2014-12-12,false,11,0,true
2014362N07130,2014,WP,JANGMI,45,989,0,false,9.7,124.6,2014-12-27,2015-01-01,false,8,0,false
2014319S06066,2015,SI,ADJALI,70,970,1,false,-10.3,69.3,2014-11-15,2014-11-24,false,0,135,true
2014327S08077,2015,SI,SIN NOMBRE,35,996,0,false,-15.6,62.0,2014-11-23,2014-12-02,false,0,208,false
2014344S09102,2015,SI,BAKUNG,40,993,0,false,-9.0,95.6,2014-12-09,2014-12-14,false,0,448,false
2014356S08101,2015,SI,KATE,105,944,3,false,-12.5,94.0,2014-12-21,2015-01-04,false,0,439,true
2015009S19054,2015,SI,BANSI,140,918,5,true,-17.5,57.3,2015-01-09,2015-01-19,false,0,286,true
2015012N09146,2015,WP,MEKKHALA,70,970,1,false,11.4,126.7,2015-01-12,2015-01-20,false,5,0,true
2015013S18038,2015,SI,CHEDZA,50,981,0,false,-19.9,44.1,2015-01-13,2015-01-22,false,7,0,false
2015020S12208,2015,SP,NIKO,55,982,0,false,-20.6,-146.2,2015-01-20,2015-01-25,false,0,2239,false
2015024S11090,2015,SI,DIAMONDRA,45,985,0,false,-19.3,79.4,2015-01-24,2015-02-01,false,0,1448,false
2015024S15078,2015,SI,EUNICE,140,918,5,true,-17.8,67.7,2015-01-24,2015-02-02,false,0,960,true
2015030S16161,2015,SP,OLA,85,959,2,false,-21.0,162.3,2015-01-29,2015-02-04,false,1,21,true
2015036S20038,2015,SI,FUNDI,55,982,0,false,-28.4,44.0,2015-02-05,2015-02-11,false,0,51,false
2015038N08158,2015,WP,HIGOS,130,926,4,true,14.2,154.2,2015-02-06,2015-02-12,false,0,1530,true
2015047S12142,2015,SP,LAM,100,948,3,false,-12.0,135.4,2015-02-15,2015-02-21,false,10,0,true
2015047S15152,2015,SP,MARCIA,125,929,4,true,-21.7,150.5,2015-02-16,2015-02-22,false,6,0,true
2015050S11094,2015,SI,GLENDA,55,973,0,false,-17.3,69.7,2015-02-20,2015-03-03,false,0,978,false
2015063S14042,2015,SI,SIN NOMBRE,35,996,0,false,-16.0,42.1,2015-03-04,2015-03-09,false,3,0,false
2015064S14052,2015,SI,HALIBA,45,991,0,false,-28.1,61.3,2015-03-05,2015-03-13,false,0,64,false
2015066S08170,2015,SP,PAM,150,911,5,true,-16.6,168.8,2015-03-07,2015-03-20,false,0,106,true
2015068S12151,2015,SP,NATHAN,100,948,3,false,-14.7,145.1,2015-03-09,2015-03-27,false,20,0,true
2015068S14113,2015,SI,OLWYN,90,956,2,false,-23.6,113.6,2015-03-08,2015-03-14,false,8,0,true
2015069N04173,2015,WP,BAVI,50,985,0,false,10.9,157.2,2015-03-11,2015-03-19,false,0,354,false
2015079S15182,2015,SP,REUBEN,45,989,0,false,-24.7,-174.4,2015-03-19,2015-03-25,false,0,235,false
2015085N06162,2015,WP,MAYSAK,150,911,5,true,10.2,139.9,2015-03-25,2015-04-05,false,2,0,true
2015092N06161,2015,WP,HAISHEN,45,989,0,false,8.8,152.5,2015-04-02,2015-04-06,false,0,1285,false
2015092S18074,2015,SI,JOALANE,90,956,2,false,-14.6,63.2,2015-04-02,2015-04-17,false,0,812,true
2015094S10087,2015,SI,IKOLA,115,937,4,true,-16.9,92.1,2015-04-04,2015-04-08,false,0,1538,true
2015099S13163,2015,SP,SOLO,55,982,0,false,-16.7,160.8,2015-04-09,2015-04-12,false,0,99,false
2015117S12115,2015,SI,QUANG,120,933,4,true,-17.8,109.9,2015-04-27,2015-05-01,false,2,0,true
2015122N07144,2015,WP,NOUL,140,918,5,true,17.0,123.3,2015-05-02,2015-05-12,false,1,22,true
2015126N27281,2015,NA,ANA,50,998,0,false,31.9,-77.3,2015-05-06,2015-05-12,false,8,0,false
2015127N04158,2015,WP,DOLPHIN,140,918,5,true,16.5,140.6,2015-05-06,2015-05-20,false,0,743,true
2015148N11250,2015,EP,ANDRES,125,937,4,true,15.4,-119.5,2015-05-28,2015-06-07,false,0,1077,true
2015152N12258,2015,EP,BLANCA,125,936,4,true,12.3,-104.6,2015-05-31,2015-06-09,false,4,0,true
2015157N13069,2015,NI,ASHOBAA,55,982,0,false,21.1,62.6,2015-06-06,2015-06-12,false,0,78,false
2015162N12262,2015,EP,CARLOS,80,978,1,false,17.7,-104.3,2015-06-10,2015-06-18,false,3,0,true
2015167N27266,2015,NA,BILL,50,997,0,false,28.0,-96.0,2015-06-16,2015-06-21,false,18,0,false
2015171N15112,2015,WP,KUJIRA,50,985,0,false,18.5,110.9,2015-06-20,2015-06-24,false,6,0,false
2015171N18086,2015,NI,SIN NOMBRE,25,990,-5,false,18.5,86.0,2015-06-20,2015-06-21,false,5,0,false
2015173N20067,2015,NI,SIN NOMBRE,30,988,-5,false,21.0,71.0,2015-06-22,2015-06-24,false,7,0,false
2015180N09160,2015,WP,CHAN-HOM,120,933,4,true,25.7,125.5,2015-06-30,2015-07-12,false,2,0,true
2015180S04163,2015,SP,RAQUEL,45,989,0,false,-6.4,159.6,2015-06-28,2015-07-04,false,2,11,false
2015183N13130,2015,WP,LINFA,75,967,1,false,22.5,117.7,2015-07-02,2015-07-09,false,7,0,true
2015184N08172,2015,WP,NANGKA,135,922,4,true,18.0,144.5,2015-07-03,2015-07-18,false,4,0,true
2015188N08194,2015,EP,HALOLA,85,959,2,false,15.8,174.3,2015-07-06,2015-07-26,false,1,0,true
2015189N13223,2015,EP,ELA,40,1002,0,false,17.2,-143.4,2015-07-07,2015-07-12,false,0,213,false
2015190N12210,2015,EP,IUNE,35,1004,0,false,14.4,-157.6,2015-07-08,2015-07-17,false,0,537,false
2015191N23085,2015,NI,SIN NOMBRE,25,994,-5,false,23.1,85.0,2015-07-10,2015-07-12,false,9,0,false
2015192N11263,2015,EP,DOLORES,115,946,4,true,18.1,-109.4,2015-07-11,2015-07-22,false,0,233,true
2015193N35285,2015,NA,CLAUDETTE,45,1003,0,false,37.6,-67.5,2015-07-12,2015-07-15,false,1,35,false
2015194N13235,2015,EP,ENRIQUE,45,1000,0,false,17.9,-130.1,2015-07-12,2015-07-21,false,0,1722,false
2015203N16126,2015,WP,SIN NOMBRE,35,996,0,false,18.0,123.3,2015-07-22,2015-07-25,false,0,74,false
2015204N16247,2015,EP,FELICIA,35,1004,0,false,18.6,-114.5,2015-07-22,2015-07-27,false,0,649,false
2015207N22091,2015,NI,KOMEN,45,989,-3,false,21.7,91.5,2015-07-26,2015-08-02,false,24,0,false
2015209N07248,2015,EP,GUILLERMO,95,967,2,false,12.5,-133.9,2015-07-27,2015-08-08,false,0,100,true
2015209N15236,2015,EP,SIN NOMBRE,30,1006,-1,false,15.1,-123.9,2015-07-27,2015-07-31,false,0,1241,false
2015209N26072,2015,NI,SIN NOMBRE,30,994,-5,false,24.8,71.8,2015-07-27,2015-07-30,false,11,0,false
2015211N13162,2015,WP,SOUDELOR,155,907,5,true,17.8,140.7,2015-07-30,2015-08-11,false,7,0,true
2015213N29146,2015,WP,SIN NOMBRE,30,1000,-1,false,30.1,143.8,2015-08-01,2015-08-05,false,0,92,false
2015216N23081,2015,NI,SIN NOMBRE,25,998,-5,false,22.7,80.0,2015-08-04,2015-08-04,false,3,0,false
2015218N12231,2015,EP,HILDA,125,937,4,true,13.6,-142.8,2015-08-06,2015-08-14,false,0,312,true
2015218N18149,2015,WP,MOLAVE,45,989,0,false,32.1,143.6,2015-08-06,2015-08-14,false,0,448,false
2015226N12151,2015,WP,GONI,120,933,4,true,16.5,141.7,2015-08-13,2015-08-26,false,2,11,true
2015226N15164,2015,WP,ATSANI,140,918,5,true,19.7,151.3,2015-08-14,2015-08-25,false,0,775,true
2015228N17247,2015,EP,SIN NOMBRE,30,1003,-1,false,16.5,-112.9,2015-08-16,2015-08-20,false,0,762,false
2015229N08212,2015,EP,KILO,120,940,4,true,18.3,183.5,2015-08-17,2015-09-11,false,0,169,true
2015229N10331,2015,NA,DANNY,110,960,3,false,13.8,-47.8,2015-08-17,2015-08-24,false,0,530,true
2015231N13183,2015,EP,LOKE,65,985,1,false,25.3,-176.7,2015-08-19,2015-08-26,false,0,1534,true
2015236N12231,2015,EP,IGNACIO,125,942,4,true,17.1,-147.7,2015-08-23,2015-09-08,false,0,369,true
2015237N14315,2015,NA,ERIKA,45,1001,0,false,16.5,-60.8,2015-08-24,2015-08-28,false,1,45,false
2015238N10255,2015,EP,JIMENA,135,932,4,true,12.2,-124.4,2015-08-25,2015-09-10,false,0,364,true
2015242N12343,2015,NA,FRED,75,986,1,false,16.1,-23.3,2015-08-30,2015-09-06,false,0,117,true
2015244N12248,2015,EP,KEVIN,50,998,0,false,18.5,-115.8,2015-08-31,2015-09-06,false,0,263,false
2015248N10256,2015,EP,LINDA,110,950,3,false,20.6,-113.6,2015-09-04,2015-09-14,false,0,404,true
2015248N12337,2015,NA,GRACE,50,1000,0,false,12.7,-29.2,2015-09-05,2015-09-09,false,0,677,false
2015249N18142,2015,WP,ETAU,60,978,0,false,29.2,138.2,2015-09-05,2015-09-09,false,2,14,false
2015251N31298,2015,NA,HENRI,45,1003,0,false,30.9,-60.8,2015-09-08,2015-09-11,false,0,967,false
2015256N16113,2015,WP,VAMCO,35,996,0,false,15.0,110.3,2015-09-13,2015-09-15,false,3,0,false
2015257N14152,2015,WP,KROVANH,100,948,3,false,22.2,143.5,2015-09-14,2015-09-21,false,0,718,true
2015258N12320,2015,NA,SIN NOMBRE,30,1006,-1,false,15.6,-45.0,2015-09-15,2015-09-19,false,0,1340,false
2015259N09336,2015,NA,IDA,45,1001,0,false,19.7,-47.3,2015-09-15,2015-09-28,false,0,875,false
2015259N20084,2015,NI,SIN NOMBRE,30,996,-5,false,20.5,79.5,2015-09-16,2015-09-19,false,12,0,false
2015260N12187,2015,EP,MALIA,45,992,0,false,25.2,-171.4,2015-09-17,2015-09-23,false,0,1233,false
2015263N14148,2015,WP,DUJUAN,130,926,4,true,23.0,124.9,2015-09-20,2015-09-29,false,6,0,true
2015264N24246,2015,EP,SIN NOMBRE,30,1001,-1,false,24.3,-113.7,2015-09-20,2015-09-21,false,2,0,false
2015266N11214,2015,EP,NIALA,55,992,0,false,17.1,-151.9,2015-09-23,2015-09-30,false,0,346,false
2015270N13257,2015,EP,MARTY,70,987,1,false,16.6,-102.4,2015-09-26,2015-09-30,false,0,119,true
2015270N27291,2015,NA,JOAQUIN,135,931,4,true,25.4,-72.6,2015-09-26,2015-10-15,false,6,0,true
2015273N12130,2015,WP,MUJIGAE,105,944,3,false,21.2,110.4,2015-09-30,2015-10-05,false,7,0,true
2015274N13201,2015,EP,OHO,95,957,2,false,21.9,-146.6,2015-10-01,2015-10-10,false,1,0,true
2015274N17167,2015,WP,CHOI-WAN,70,970,1,false,25.2,150.7,2015-10-02,2015-10-07,false,0,716,true
2015275N13187,2015,EP,SIN NOMBRE,30,1001,-1,false,12.9,-172.7,2015-10-02,2015-10-06,false,0,1648,false
2015280N13071,2015,NI,SIN NOMBRE,35,996,0,false,14.0,70.4,2015-10-07,2015-10-12,false,0,329,false
2015282N11230,2015,EP,NORA,60,993,0,false,12.2,-142.7,2015-10-09,2015-10-15,false,0,387,false
2015285N14151,2015,WP,KOPPU,130,926,4,true,15.9,123.1,2015-10-12,2015-10-21,false,10,0,true
2015286N12163,2015,WP,CHAMPI,125,929,4,true,19.8,140.2,2015-10-13,2015-10-25,false,0,1200,true
2015288N10243,2015,EP,OLAF,130,938,4,true,10.2,-140.0,2015-10-15,2015-10-28,false,0,945,true
2015293N13266,2015,EP,PATRICIA,185,872,5,true,17.3,-105.6,2015-10-20,2015-10-24,false,3,0,true
2015293N16164,2015,WP,SIN NOMBRE,35,996,-2,false,30.3,161.5,2015-10-19,2015-10-23,false,0,1751,false
2015301N11065,2015,NI,CHAPALA,130,926,4,true,14.2,61.1,2015-10-27,2015-11-04,false,5,0,true
2015309N14067,2015,NI,MEGH,110,941,3,false,12.7,54.9,2015-11-04,2015-11-10,false,5,0,true
2015312N11084,2015,NI,SIN NOMBRE,30,996,-5,false,11.2,81.4,2015-11-08,2015-11-10,false,4,0,false
2015313N22289,2015,NA,KATE,75,980,1,false,36.2,-62.5,2015-11-08,2015-11-13,false,0,183,true
2015321N04164,2015,WP,IN-FA,120,933,4,true,11.2,142.8,2015-11-16,2015-11-26,false,0,806,true
2015322N13253,2015,EP,RICK,35,1002,0,false,14.2,-106.1,2015-11-18,2015-11-26,false,0,534,false
2015328N11260,2015,EP,SANDRA,130,934,4,true,14.1,-110.2,2015-11-23,2015-11-29,false,1,23,true
2015344N07145,2015,WP,MELOR,120,933,4,true,12.5,125.8,2015-12-10,2015-12-16,false,8,0,true
2015348N04146,2015,WP,SIN NOMBRE,25,1004,-1,false,5.1,144.4,2015-12-14,2015-12-18,false,0,187,false
2015362N01179,2015,WP,SIN NOMBRE,30,1001,-1,false,2.2,184.5,2015-12-27,2016-01-01,false,0,1628,false
2015213S08169,2016,SP,SIN NOMBRE,40,993,0,false,-11.0,172.4,2015-07-31,2015-08-06,false,0,265,false
2015286S10175,2016,SP,SIN NOMBRE,35,996,0,false,-14.2,175.1,2015-10-13,2015-10-18,false,0,432,false
2015323S05080,2016,SI,ANNABELLE,60,978,0,false,-14.2,73.7,2015-11-18,2015-11-27,false,0,1199,false
2015330S10178,2016,SP,TUNI,40,993,0,false,-13.8,185.3,2015-11-26,2015-11-30,false,0,127,false
2015342S09079,2016,SI,BOHALE,35,996,0,false,-14.3,70.5,2015-12-07,2015-12-17,false,0,938,false
2015355S16136,2016,SP,SIN NOMBRE,30,994,-5,false,-12.6,131.7,2015-12-21,2016-01-01,false,44,0,false
2015364S09190,2016,SP,ULA,120,933,4,true,-19.9,171.3,2015-12-29,2016-01-16,false,0,249,true
2016006N02188,2016,EP,PALI,85,978,2,false,6.4,-171.2,2016-01-06,2016-01-14,false,0,1727,true
2016007N27285,2016,NA,ALEX,75,978,1,false,30.8,-28.7,2016-01-07,2016-01-17,false,0,317,true
2016014S13195,2016,SP,VICTOR,90,956,2,false,-20.2,-166.4,2016-01-14,2016-01-23,false,0,633,true
2016020S14078,2016,SI,CORENTIN,80,963,1,false,-22.8,72.1,2016-01-19,2016-01-31,false,0,1458,true
2016027S13119,2016,SI,STAN,65,974,1,false,-18.7,119.1,2016-01-27,2016-02-01,false,6,0,true
2016039S14061,2016,SI,DAYA,50,983,0,false,-26.5,55.0,2016-02-07,2016-02-13,false,0,194,false
2016040S16155,2016,SP,TATIANA,55,982,0,false,-17.1,158.8,2016-02-09,2016-02-15,false,0,374,false
2016041S14170,2016,SP,WINSTON,155,907,5,true,-17.4,178.7,2016-02-09,2016-02-28,false,3,24,true
2016042S10094,2016,SI,URIAH,130,926,4,true,-19.3,79.5,2016-02-10,2016-02-25,false,0,834,true
2016055S15202,2016,SP,YALO,55,982,0,false,-20.9,-154.0,2016-02-23,2016-02-26,false,0,1550,false
2016074S16137,2016,SP,SIN NOMBRE,40,993,0,false,-16.3,140.2,2016-03-14,2016-03-17,false,7,0,false
2016075S11087,2016,SI,EMERAUDE,125,929,4,true,-10.5,84.1,2016-03-14,2016-03-23,false,0,1607,true
2016087S13073,2016,SI,SIN NOMBRE,45,989,0,false,-21.6,79.9,2016-03-27,2016-03-30,false,0,1778,false
2016095S13162,2016,SP,ZENA,90,956,2,false,-17.7,172.7,2016-04-04,2016-04-07,false,1,10,true
2016102S12074,2016,SI,FANTALA,155,907,5,true,-9.5,50.1,2016-04-10,2016-04-26,false,0,304,true
2016108S17181,2016,SP,AMOS,90,956,2,false,-12.4,-176.4,2016-04-17,2016-04-24,false,0,73,true
2016138N10081,2016,NI,ROANU,60,978,0,false,20.9,89.4,2016-05-17,2016-05-22,false,4,0,false
2016147N18115,2016,WP,SIN NOMBRE,30,1000,-1,false,21.3,112.3,2016-05-26,2016-05-27,false,2,0,false
2016148N27288,2016,NA,BONNIE,40,1006,0,false,30.7,-79.1,2016-05-27,2016-06-09,false,9,0,false
2016158N13261,2016,EP,SIN NOMBRE,30,1006,-1,false,13.9,-97.1,2016-06-06,2016-06-08,false,2,22,false
2016158N22272,2016,NA,COLIN,50,987,0,false,35.5,-74.4,2016-06-05,2016-06-08,false,2,0,false
2016171N19268,2016,NA,DANIELLE,40,1007,0,false,20.7,-96.1,2016-06-18,2016-06-21,false,2,0,false
2016178N22068,2016,NI,SIN NOMBRE,40,993,0,false,21.9,64.7,2016-06-26,2016-06-29,false,0,131,false
2016183N13246,2016,EP,AGATHA,45,1002,0,false,16.8,-122.1,2016-07-01,2016-07-08,false,0,1161,false
2016185N08145,2016,WP,NEPARTAK,155,907,5,true,19.5,128.5,2016-07-02,2016-07-09,false,6,0,true
2016185N11253,2016,EP,BLAS,120,947,4,true,14.3,-121.2,2016-07-02,2016-07-11,false,0,911,true
2016188N12254,2016,EP,CELIA,85,972,2,false,15.1,-125.8,2016-07-06,2016-07-21,false,0,202,true
2016194N15255,2016,EP,DARBY,105,958,3,false,17.9,-124.4,2016-07-11,2016-07-26,false,4,0,true
2016197N14256,2016,EP,ESTELLE,60,990,0,false,16.5,-112.2,2016-07-15,2016-07-24,false,0,542,false
2016199N18131,2016,WP,SIN NOMBRE,25,1004,-1,false,20.3,129.7,2016-07-16,2016-07-19,false,0,357,false
2016203N10249,2016,EP,GEORGETTE,115,952,4,true,16.6,-126.4,2016-07-21,2016-07-30,false,0,1274,true
2016203N13259,2016,EP,FRANK,75,979,1,false,21.6,-118.2,2016-07-21,2016-07-30,false,0,315,true
2016205N25152,2016,WP,LUPIT,45,989,0,false,30.8,158.3,2016-07-23,2016-07-24,false,0,1218,false
2016207N17116,2016,WP,MIRINAE,65,974,1,false,20.2,106.2,2016-07-25,2016-07-28,false,9,0,true
2016211N11128,2016,WP,NIDA,80,963,1,false,21.7,116.1,2016-07-29,2016-08-02,false,6,0,true
2016214N15240,2016,EP,HOWARD,50,998,0,false,18.0,-127.0,2016-07-31,2016-08-07,false,0,90,false
2016215N16283,2016,NA,EARL,75,979,1,false,17.4,-88.3,2016-08-02,2016-08-06,false,10,0,true
2016216N14243,2016,EP,IVETTE,50,1000,0,false,15.3,-131.2,2016-08-03,2016-08-11,false,0,520,false
2016216N17149,2016,WP,OMAIS,65,974,1,false,25.2,147.6,2016-08-04,2016-08-09,false,0,277,true
2016220N18258,2016,EP,JAVIER,55,997,0,false,22.2,-109.3,2016-08-06,2016-08-10,false,9,0,false
2016221N19163,2016,WP,CONSON,55,982,0,false,32.7,153.1,2016-08-08,2016-08-14,false,0,137,false
2016222N22089,2016,NI,SIN NOMBRE,30,994,-5,false,23.1,89.3,2016-08-09,2016-08-12,false,14,0,false
2016225N16138,2016,WP,CHANTHU,60,978,0,false,40.8,142.7,2016-08-12,2016-08-17,false,2,0,false
2016228N22117,2016,WP,DIANMU,45,989,0,false,20.5,107.6,2016-08-17,2016-08-20,false,6,0,false
2016230N12254,2016,EP,KAY,45,1000,0,false,19.8,-112.4,2016-08-17,2016-08-26,false,0,419,false
2016230N12328,2016,NA,FIONA,45,1004,0,false,16.9,-41.5,2016-08-16,2016-08-24,false,0,851,false
2016230N15138,2016,WP,MINDULLE,65,974,1,false,34.3,139.5,2016-08-16,2016-08-23,false,4,0,true
2016230N21089,2016,NI,SIN NOMBRE,25,994,-5,false,22.0,88.2,2016-08-16,2016-08-20,false,17,0,false
2016230N25160,2016,WP,LIONROCK,120,933,4,true,26.1,136.6,2016-08-16,2016-08-30,false,1,20,true
2016232N22153,2016,WP,KOMPASU,35,996,0,false,34.4,145.6,2016-08-19,2016-08-21,false,1,27,false
2016235N11341,2016,NA,GASTON,105,955,3,false,30.6,-55.2,2016-08-21,2016-09-03,false,0,323,true
2016236N13146,2016,WP,SIN NOMBRE,40,993,0,false,15.7,145.1,2016-08-22,2016-08-24,false,0,1403,false
2016237N14253,2016,EP,LESTER,125,944,4,true,17.7,-137.0,2016-08-24,2016-09-08,false,0,168,true
2016240N13224,2016,EP,MADELINE,115,950,4,true,18.9,-146.7,2016-08-26,2016-09-03,false,0,140,true
2016240N31295,2016,NA,SIN NOMBRE,30,1010,-1,false,31.5,-69.6,2016-08-27,2016-09-01,false,0,139,false
2016242N24279,2016,NA,HERMINE,70,982,1,false,29.0,-84.8,2016-08-28,2016-09-08,false,8,0,true
2016244N21123,2016,WP,NAMTHEUN,100,948,3,false,27.1,130.8,2016-08-30,2016-09-05,false,4,0,true
2016248N15255,2016,EP,NEWTON,80,977,1,false,22.1,-109.5,2016-09-04,2016-09-08,false,7,0,true
2016250N25125,2016,WP,MALOU,40,1000,-5,false,27.1,127.0,2016-09-06,2016-09-06,false,0,253,false
2016253N13144,2016,WP,MERANTI,170,895,5,true,20.4,122.9,2016-09-08,2016-09-15,false,5,0,true
2016253N26152,2016,WP,SIN NOMBRE,35,996,0,false,35.5,152.6,2016-09-09,2016-09-12,false,0,881,false
2016255N12114,2016,WP,RAI,30,1000,-1,false,13.7,112.2,2016-09-11,2016-09-13,false,4,0,false
2016255N12247,2016,EP,ORLENE,95,967,2,false,17.7,-119.2,2016-09-10,2016-09-17,false,0,841,true
2016256N12146,2016,WP,MALAKAS,115,937,4,true,22.1,123.4,2016-09-11,2016-09-20,false,4,0,true
2016256N20312,2016,NA,IAN,55,984,0,false,46.8,-38.6,2016-09-12,2016-09-17,false,0,787,false
2016257N13341,2016,NA,KARL,60,980,0,false,35.8,-55.1,2016-09-12,2016-09-26,false,0,239,false
2016257N27280,2016,NA,JULIA,45,1007,0,false,29.0,-81.2,2016-09-13,2016-09-21,false,11,0,false
2016262N16251,2016,EP,PAINE,80,979,1,false,22.0,-116.1,2016-09-18,2016-09-21,false,0,65,true
2016263N13333,2016,NA,LISA,45,999,0,false,17.2,-31.7,2016-09-19,2016-09-26,false,0,1007,false
2016265N10150,2016,WP,MEGI,115,937,4,true,23.2,123.3,2016-09-22,2016-09-28,false,6,0,true
2016269N15165,2016,WP,CHABA,150,911,5,true,24.9,127.0,2016-09-25,2016-10-05,false,1,35,true
2016270N12223,2016,EP,ULIKA,65,992,1,false,13.6,-139.1,2016-09-25,2016-10-03,false,0,332,true
2016270N15240,2016,EP,ROSLYN,45,999,0,false,16.7,-119.4,2016-09-25,2016-09-30,false,0,368,false
2016273N13300,2016,NA,MATTHEW,145,934,5,true,13.4,-71.9,2016-09-28,2016-10-10,false,10,0,true
2016278N16181,2016,WP,SONGDA,130,926,4,true,30.3,148.9,2016-10-04,2016-10-13,false,0,936,true
2016278N23300,2016,NA,NICOLE,120,950,4,true,30.6,-66.2,2016-10-04,2016-10-19,false,0,388,true
2016279N19130,2016,WP,AERE,55,985,0,false,20.9,116.1,2016-10-05,2016-10-14,false,5,0,false
2016287N12131,2016,WP,SARIKA,115,944,4,true,15.7,121.8,2016-10-13,2016-10-19,false,7,0,true
2016288N06146,2016,WP,HAIMA,145,914,5,true,16.0,127.6,2016-10-14,2016-10-22,false,6,0,true
2016295N13089,2016,NI,KYANT,40,993,0,false,16.8,91.1,2016-10-21,2016-10-29,false,0,78,false
2016296N11262,2016,EP,SEYMOUR,130,940,4,true,15.9,-117.1,2016-10-22,2016-10-30,false,0,508,true
2016305N10147,2016,WP,MEARI,90,962,2,false,19.5,142.6,2016-11-02,2016-11-07,false,0,1000,true
2016308N13088,2016,NI,SIN NOMBRE,25,1000,-5,false,12.7,88.0,2016-11-02,2016-11-06,false,1,10,false
2016313N11163,2016,WP,MA-ON,35,996,0,false,15.6,158.5,2016-11-08,2016-11-11,false,0,1763,false
2016315N11171,2016,WP,SIN NOMBRE,25,1004,-1,false,10.1,165.7,2016-11-09,2016-11-11,false,0,1587,false
2016318N18253,2016,EP,TINA,35,1004,0,false,17.5,-107.3,2016-11-13,2016-11-18,false,0,253,false
2016323N13279,2016,NA,OTTO,100,975,3,false,11.0,-83.0,2016-11-17,2016-11-26,false,3,0,true
2016328N09130,2016,WP,TOKAGE,80,963,1,false,16.5,118.0,2016-11-23,2016-11-28,false,3,0,true
2016335N07088,2016,NI,NADA,45,989,0,false,9.0,84.9,2016-11-29,2016-12-02,false,3,0,false
2016341N08092,2016,NI,VARDAH,80,963,1,false,13.1,82.4,2016-12-06,2016-12-19,false,7,0,true
2016355N07146,2016,WP,NOCK-TEN,140,915,5,true,13.5,126.0,2016-12-20,2016-12-28,false,3,10,true
2016195S06076,2017,SI,ABELA,55,982,0,false,-14.2,59.4,2016-07-12,2016-07-20,false,1,0,false
2016277S30044,2017,SI,BRANSBY,55,987,-5,false,-31.3,46.3,2016-10-03,2016-10-07,false,0,418,false
2016353S11130,2017,SI,SIN NOMBRE,30,994,-5,false,-14.7,128.5,2016-12-18,2016-12-23,false,11,0,false
2016354S15116,2017,SI,YVETTE,50,985,0,false,-14.1,114.2,2016-12-18,2016-12-25,false,2,0,false
2017008N08128,2017,WP,SIN NOMBRE,30,1000,-1,false,9.8,125.9,2017-01-07,2017-01-16,false,7,0,false
2017025S16128,2017,SI,SIN NOMBRE,50,985,0,false,-20.2,114.8,2017-01-25,2017-02-03,false,7,0,false
2017033S14056,2017,SI,CARLOS,70,970,1,false,-23.8,53.6,2017-02-02,2017-02-15,false,0,136,true
2017043S19040,2017,SI,DINEO,85,959,2,false,-23.5,36.4,2017-02-11,2017-02-16,false,5,0,true
2017046S17137,2017,SP,ALFRED,50,985,0,false,-15.3,137.1,2017-02-15,2017-02-22,false,21,0,false
2017051S18189,2017,SP,BART,40,993,0,false,-21.0,-164.3,2017-02-20,2017-02-23,false,0,427,false
2017052S16178,2017,SP,SIN NOMBRE,45,989,0,false,-20.0,185.7,2017-02-21,2017-02-22,false,0,56,false
2017060S09139,2017,SP,BLANCHE,55,982,0,false,-14.0,128.2,2017-03-01,2017-03-06,false,6,0,false
2017061S11063,2017,SI,ENAWO,130,926,4,true,-14.7,51.5,2017-03-02,2017-03-11,false,10,0,true
2017065S14079,2017,SI,FERNANDO,45,989,0,false,-14.6,68.7,2017-03-05,2017-03-16,false,0,229,false
2017079S13122,2017,SI,SIN NOMBRE,45,989,-5,false,-20.5,118.4,2017-03-19,2017-03-23,false,3,0,false
2017081S10096,2017,SI,CALEB,45,989,0,false,-14.9,100.5,2017-03-21,2017-03-30,false,0,786,false
2017082S14152,2017,SP,DEBBIE,115,937,4,true,-19.6,149.8,2017-03-23,2017-04-01,false,11,0,true
2017094S10115,2017,SI,ERNIE,140,918,5,true,-15.7,110.5,2017-04-04,2017-04-11,false,0,123,true
2017094S17191,2017,SP,SIN NOMBRE,40,993,0,false,-25.8,-168.0,2017-04-04,2017-04-11,false,0,480,false
2017097S08134,2017,SI,SIN NOMBRE,30,998,-5,false,-10.3,132.2,2017-04-07,2017-04-15,false,9,0,false
2017097S12171,2017,SP,COOK,90,956,2,false,-20.5,165.8,2017-04-06,2017-04-17,false,6,0,true
2017104N08085,2017,NI,MAARUTHA,50,985,0,false,16.0,92.0,2017-04-14,2017-04-17,false,2,0,false
2017104N11130,2017,WP,SIN NOMBRE,25,1004,-1,false,15.3,116.9,2017-04-16,2017-04-20,false,1,15,false
2017106N36310,2017,NA,ARLENE,55,986,0,false,35.8,-50.3,2017-04-16,2017-04-22,false,0,808,false
2017111S09146,2017,SP,FRANCES,80,963,1,false,-12.5,124.4,2017-04-20,2017-05-01,false,11,0,true
2017113N09144,2017,WP,MUIFA,40,993,0,false,14.5,134.5,2017-04-24,2017-04-28,false,0,1004,false
2017119S08103,2017,SI,GREG,45,995,-5,false,-10.6,101.1,2017-04-29,2017-05-01,false,0,332,false
2017122S13170,2017,SP,DONNA,125,929,4,true,-17.0,164.8,2017-05-02,2017-05-15,false,0,70,true
2017127S18184,2017,SP,ELLA,70,970,1,false,-13.8,182.0,2017-05-07,2017-05-15,false,0,139,true
2017130N09269,2017,EP,ADRIAN,40,1004,0,false,9.7,-92.0,2017-05-09,2017-05-12,false,0,320,false
2017147N14087,2017,NI,MORA,80,963,1,false,21.0,91.9,2017-05-27,2017-05-30,false,4,0,true
2017152N14262,2017,EP,BEATRIZ,40,1001,0,false,14.8,-97.1,2017-05-31,2017-06-02,false,2,0,false
2017161N13119,2017,WP,MERBOK,45,989,0,false,20.2,115.1,2017-06-10,2017-06-13,false,3,0,false
2017163N14265,2017,EP,CALVIN,40,1004,0,false,15.9,-95.7,2017-06-11,2017-06-13,false,3,0,false
2017163N20090,2017,NI,SIN NOMBRE,30,988,-5,false,22.5,90.5,2017-06-11,2017-06-12,false,5,0,false
2017170N08310,2017,NA,BRET,45,1007,0,false,10.4,-62.1,2017-06-18,2017-06-20,false,1,24,false
2017171N24271,2017,NA,CINDY,50,991,0,false,26.2,-90.9,2017-06-19,2017-06-24,false,9,0,false
2017175N13264,2017,EP,DORA,90,974,2,false,17.6,-106.8,2017-06-24,2017-07-01,false,0,234,true
2017182N15132,2017,WP,NANMADOL,60,985,0,false,27.8,124.9,2017-07-01,2017-07-05,false,3,0,false
2017187N12324,2017,NA,SIN NOMBRE,25,1009,-1,false,12.0,-37.1,2017-07-05,2017-07-07,false,0,1172,false
2017189N11250,2017,EP,EUGENE,100,966,3,false,16.3,-115.0,2017-07-07,2017-07-14,false,0,815,true
2017193N12252,2017,EP,FERNANDA,125,948,4,true,10.7,-120.3,2017-07-11,2017-07-23,false,0,723,true
2017195N16114,2017,WP,TALAS,50,985,0,false,18.1,108.4,2017-07-15,2017-07-17,false,4,0,false
2017198N10312,2017,NA,DON,45,1005,0,false,11.2,-53.8,2017-07-17,2017-07-18,false,0,433,false
2017198N13245,2017,EP,SIN NOMBRE,30,1007,-1,false,13.7,-116.8,2017-07-16,2017-07-21,false,0,1253,false
2017199N14255,2017,EP,GREG,50,1000,0,false,14.2,-117.0,2017-07-17,2017-07-27,false,0,496,false
2017199N19086,2017,NI,SIN NOMBRE,25,992,-5,false,19.0,86.0,2017-07-18,2017-07-19,false,4,0,false
2017200N26162,2017,WP,NORU,135,922,4,true,22.8,140.9,2017-07-20,2017-08-08,false,9,0,true
2017201N23178,2017,WP,KULAP,50,985,0,false,30.5,172.2,2017-07-20,2017-07-28,false,0,957,false
2017202N08274,2017,EP,HILARY,95,969,2,false,15.9,-109.3,2017-07-20,2017-08-01,false,0,220,true
2017202N16116,2017,WP,SONCA,45,989,0,false,16.9,110.3,2017-07-20,2017-07-26,false,4,0,false
2017202N19124,2017,WP,ROKE,35,996,0,false,21.2,119.1,2017-07-21,2017-07-23,false,2,0,false
2017203N14248,2017,EP,IRWIN,80,979,1,false,15.8,-119.8,2017-07-22,2017-08-03,false,0,925,true
2017206N13129,2017,WP,NESAT,85,959,2,false,23.4,122.7,2017-07-25,2017-07-30,false,4,0,true
2017207N24085,2017,NI,SIN NOMBRE,25,993,-5,false,24.0,85.0,2017-07-26,2017-07-27,false,5,0,false
2017209N19118,2017,WP,HAITANG,40,992,0,false,18.2,116.3,2017-07-28,2017-07-31,false,4,0,false
2017212N27158,2017,WP,NALGAE,60,978,0,false,35.9,161.2,2017-07-31,2017-08-06,false,0,632,false
2017212N28275,2017,NA,EMILY,45,1003,0,false,27.5,-83.1,2017-07-30,2017-08-02,false,4,0,false
2017216N16254,2017,EP,SIN NOMBRE,30,1006,-1,false,16.5,-107.3,2017-08-04,2017-08-08,false,0,329,false
2017219N16279,2017,NA,FRANKLIN,75,981,1,false,20.3,-95.5,2017-08-06,2017-08-10,false,6,0,true
2017223N16172,2017,WP,BANYAN,100,948,3,false,21.0,164.1,2017-08-10,2017-08-17,false,0,1556,true
2017224N19253,2017,EP,JOVA,35,1003,0,false,18.8,-108.0,2017-08-11,2017-08-17,false,0,199,false
2017224N22293,2017,NA,GERT,95,962,2,false,38.2,-64.1,2017-08-12,2017-08-18,false,0,410,true
2017228N14314,2017,NA,HARVEY,115,941,4,true,27.8,-96.8,2017-08-16,2017-09-02,false,30,0,true
2017230N13249,2017,EP,KENNETH,115,951,4,true,16.9,-129.7,2017-08-17,2017-08-27,false,0,973,true
2017232N19130,2017,WP,HATO,90,956,2,false,21.5,114.5,2017-08-20,2017-08-24,false,6,0,true
2017236N15129,2017,WP,PAKHAR,60,983,0,false,21.9,113.4,2017-08-24,2017-08-27,false,5,0,false
2017239N18147,2017,WP,SANVU,90,953,2,false,27.2,142.1,2017-08-28,2017-09-03,false,0,499,true
2017240N31279,2017,NA,SIN NOMBRE,40,1004,-3,false,35.4,-75.5,2017-08-27,2017-08-29,false,4,14,false
2017242N16333,2017,NA,IRMA,155,914,5,true,16.9,-59.2,2017-08-30,2017-09-13,false,18,0,true
2017242N17253,2017,EP,LIDIA,55,986,0,false,22.4,-110.0,2017-08-29,2017-09-03,false,7,0,false
2017242N19122,2017,WP,MAWAR,45,989,0,false,21.9,116.6,2017-08-31,2017-09-03,false,2,0,false
2017247N09327,2017,NA,JOSE,135,938,4,true,16.4,-57.8,2017-09-04,2017-09-25,false,0,230,true
2017247N16132,2017,WP,GUCHOL,30,1000,-1,false,20.3,120.4,2017-09-03,2017-09-07,false,2,0,false
2017249N22263,2017,NA,KATIA,90,972,2,false,21.1,-96.2,2017-09-05,2017-09-09,false,3,0,true
2017252N14147,2017,WP,TALIM,120,933,4,true,26.5,124.6,2017-09-09,2017-09-17,false,4,21,true
2017253N14130,2017,WP,DOKSURI,95,960,2,false,17.7,107.4,2017-09-10,2017-09-16,false,6,0,true
2017254N16251,2017,EP,OTIS,100,965,3,false,17.6,-127.2,2017-09-11,2017-09-21,false,0,507,true
2017257N16251,2017,EP,NORMA,65,985,1,false,18.9,-110.1,2017-09-14,2017-09-22,false,0,227,true
2017257N16258,2017,EP,MAX,80,980,1,false,16.6,-99.2,2017-09-13,2017-09-15,false,3,0,true
2017258N10337,2017,NA,LEE,100,962,3,false,30.3,-56.6,2017-09-14,2017-09-30,false,0,722,true
2017260N12310,2017,NA,MARIA,150,909,5,true,17.0,-64.3,2017-09-16,2017-10-02,false,2,0,true
2017265N17257,2017,EP,PILAR,45,1000,0,false,20.0,-106.0,2017-09-22,2017-09-25,false,0,52,false
2017267N18116,2017,WP,SIN NOMBRE,30,1000,-1,false,18.2,113.1,2017-09-23,2017-09-25,false,3,0,false
2017277N11279,2017,NA,NATE,80,981,1,false,25.7,-87.9,2017-10-03,2017-10-11,false,18,0,true
2017277N14265,2017,EP,RAMON,40,1002,0,false,14.6,-95.7,2017-10-03,2017-10-04,false,0,81,false
2017280N32321,2017,NA,OPHELIA,100,957,3,false,34.2,-27.7,2017-10-06,2017-10-17,false,5,5,true
2017282N17113,2017,WP,SIN NOMBRE,30,999,-1,false,17.7,107.2,2017-10-09,2017-10-10,false,2,0,false
2017282N22088,2017,NI,SIN NOMBRE,30,996,-5,false,22.6,88.3,2017-10-09,2017-10-10,false,6,0,false
2017284N15134,2017,WP,KHANUN,85,959,2,false,20.0,114.8,2017-10-12,2017-10-16,false,5,0,true
2017288N09138,2017,WP,LAN,135,922,4,true,23.8,132.5,2017-10-15,2017-10-23,false,2,0,true
2017291N09116,2017,WP,SIN NOMBRE,25,1002,-1,false,9.8,116.6,2017-10-18,2017-10-20,false,1,15,false
2017292N13151,2017,WP,SAOLA,65,974,1,false,27.1,128.4,2017-10-19,2017-10-29,false,0,63,true
2017292N17087,2017,NI,SIN NOMBRE,25,998,-5,false,16.5,86.5,2017-10-19,2017-10-19,false,1,10,false
2017300N10271,2017,EP,SELMA,35,1004,0,false,10.5,-89.2,2017-10-26,2017-10-28,false,1,0,false
2017301N18276,2017,NA,PHILIPPE,35,1000,0,false,21.3,-82.4,2017-10-27,2017-10-29,false,2,0,false
2017304N11127,2017,WP,DAMREY,90,967,2,false,12.8,110.4,2017-11-01,2017-11-04,false,5,0,true
2017307N07102,2017,WP,SIN NOMBRE,25,1004,-1,false,5.6,100.3,2017-11-03,2017-11-08,false,12,0,false
2017309N26308,2017,NA,RINA,50,991,0,false,36.4,-48.7,2017-11-04,2017-11-09,false,0,481,false
2017312N10134,2017,WP,HAIKUI,45,989,0,false,17.2,116.8,2017-11-08,2017-11-14,false,6,0,false
2017319N15083,2017,NI,SIN NOMBRE,25,1001,-5,false,15.5,83.0,2017-11-15,2017-11-17,false,0,70,false
2017321N07124,2017,WP,KIROGI,40,993,0,false,10.9,111.7,2017-11-16,2017-11-19,false,4,0,false
2017333N06082,2017,NI,OCKHI,100,948,3,false,10.5,70.3,2017-11-28,2017-12-05,false,2,0,true
2017340N09089,2017,NI,SIN NOMBRE,45,989,0,false,17.0,86.3,2017-12-06,2017-12-10,false,0,59,false
2017347N11131,2017,WP,KAI-TAK,50,985,0,false,11.3,127.7,2017-12-13,2017-12-23,false,7,0,false
2017354N08134,2017,WP,TEMBIN,85,959,2,false,8.2,113.3,2017-12-20,2017-12-26,false,5,0,true
2017329S10110,2018,SI,CEMPAKA,60,990,-5,false,-8.6,111.3,2017-11-25,2017-11-29,false,4,22,false
2017332S08098,2018,SI,DAHLIA,55,988,0,false,-9.7,109.3,2017-11-27,2017-12-07,false,0,173,false
2017360S15124,2018,SI,HILDA,50,990,0,false,-18.8,121.8,2017-12-26,2017-12-31,false,19,0,false
2017364N07138,2018,WP,BOLAVEN,35,1001,0,false,10.4,116.0,2017-12-31,2018-01-04,false,3,31,false
2017364S12065,2018,SI,AVA,95,958,2,false,-17.8,50.0,2017-12-30,2018-01-09,false,7,0,true
2018004S09096,2018,SI,IRVING,95,962,2,false,-16.6,81.3,2018-01-04,2018-01-11,false,0,831,true
2018007S13130,2018,SI,JOYCE,50,987,0,false,-18.6,121.6,2018-01-07,2018-01-15,false,23,0,false
2018010S10069,2018,SI,BERGUITTA,105,950,3,false,-17.9,63.0,2018-01-10,2018-01-24,false,1,11,true
2018025S09080,2018,SI,CEBILE,115,942,4,true,-14.2,82.7,2018-01-25,2018-02-09,false,0,1683,true
2018027S11156,2018,SP,FEHI,55,970,0,false,-40.1,167.9,2018-01-26,2018-01-31,false,0,98,false
2018038S15172,2018,SP,GITA,125,929,4,true,-21.6,186.0,2018-02-07,2018-02-20,false,0,55,true
2018039N08151,2018,WP,SANBA,40,999,0,false,7.0,134.5,2018-02-08,2018-02-15,false,5,0,false
2018044S10133,2018,SI,KELVIN,75,971,1,false,-19.8,122.1,2018-02-12,2018-02-21,false,25,0,true
2018060S13057,2018,SI,DUMAZILE,110,941,3,false,-22.2,51.6,2018-03-01,2018-03-10,false,0,154,true
2018064S16172,2018,SP,HOLA,105,950,3,false,-17.2,165.7,2018-03-05,2018-03-12,false,2,0,true
2018070S10160,2018,SP,LINDA,55,989,0,false,-20.4,158.9,2018-03-11,2018-03-15,false,1,0,false
2018072N05076,2018,NI,SIN NOMBRE,25,1006,-5,false,5.5,75.8,2018-03-13,2018-03-14,false,0,306,false
2018073S09129,2018,SI,MARCUS,150,906,5,true,-15.4,108.4,2018-03-14,2018-03-25,false,9,0,true
2018073S12057,2018,SI,ELIAKIM,65,982,1,false,-15.8,50.6,2018-03-13,2018-03-22,false,9,0,true
2018079S08137,2018,SP,NORA,100,956,3,false,-12.0,139.5,2018-03-20,2018-03-28,false,14,0,true
2018082N04147,2018,WP,JELAWAT,130,926,4,true,16.8,139.0,2018-03-23,2018-04-02,false,0,728,true
2018082S12164,2018,SP,IRIS,55,987,0,false,-19.0,150.3,2018-03-22,2018-04-09,false,0,214,false
2018089S18172,2018,SP,JOSIE,50,994,0,false,-19.0,176.6,2018-03-30,2018-04-04,false,0,124,false
2018096S15172,2018,SP,KENI,90,968,2,false,-19.6,179.2,2018-04-06,2018-04-11,false,0,64,true
2018111S07055,2018,SI,FAKIR,75,982,1,false,-19.4,55.0,2018-04-20,2018-04-26,false,0,52,true
2018117S07098,2018,SI,FLAMBOYAN,70,982,1,false,-15.8,84.4,2018-04-27,2018-05-04,false,0,675,true
2018129N15153,2018,WP,SIN NOMBRE,35,1004,0,false,19.0,147.5,2018-05-09,2018-05-14,false,0,1381,false
2018131N12235,2018,EP,SIN NOMBRE,30,1007,-1,false,12.3,-126.2,2018-05-10,2018-05-13,false,0,1986,false
2018136N11054,2018,NI,SAGAR,65,974,1,false,11.3,45.1,2018-05-15,2018-05-20,false,5,0,true
2018141N08059,2018,NI,MEKUNU,100,948,3,false,16.3,54.3,2018-05-21,2018-05-27,false,7,0,true
2018146N19273,2018,NA,ALBERTO,55,990,0,false,28.2,-85.8,2018-05-25,2018-05-31,false,12,0,false
2018148N17090,2018,NI,SIN NOMBRE,45,989,0,false,19.4,93.3,2018-05-28,2018-05-30,false,3,0,false
2018153N12113,2018,WP,EWINIAR,40,996,0,false,21.0,111.5,2018-06-02,2018-06-08,false,12,0,false
2018155N10132,2018,WP,MALIKSI,60,974,0,false,25.2,130.6,2018-06-07,2018-06-11,false,0,267,false
2018157N14255,2018,EP,ALETTA,120,943,4,true,15.7,-111.0,2018-06-06,2018-06-16,false,0,522,true
2018161N12260,2018,EP,BUD,120,943,4,true,17.3,-107.4,2018-06-09,2018-06-16,false,3,0,true
2018161N22092,2018,NI,SIN NOMBRE,25,988,-5,false,22.3,91.5,2018-06-10,2018-06-10,false,3,0,false
2018164N21120,2018,WP,SIN NOMBRE,35,993,-2,false,25.3,124.5,2018-06-13,2018-06-14,false,0,95,false
2018165N22117,2018,WP,GAEMI,45,990,0,false,26.9,128.8,2018-06-14,2018-06-17,false,3,0,false
2018166N15260,2018,EP,CARLOTTA,55,997,0,false,16.4,-99.5,2018-06-14,2018-06-19,false,6,22,false
2018174N12244,2018,EP,DANIEL,40,1004,0,false,16.6,-116.0,2018-06-23,2018-06-28,false,0,843,false
2018178N12253,2018,EP,EMILIA,50,997,0,false,16.0,-115.8,2018-06-27,2018-07-04,false,0,787,false
2018179N19134,2018,WP,PRAPIROON,80,960,1,false,28.2,127.3,2018-06-27,2018-07-05,false,1,43,true
2018182N11256,2018,EP,FABIO,95,964,2,false,15.5,-116.0,2018-06-30,2018-07-09,false,0,763,true
2018184N10147,2018,WP,MARIA,145,910,5,true,20.5,136.6,2018-07-03,2018-07-11,false,4,0,true
2018186N10325,2018,NA,BERYL,70,991,1,false,10.5,-44.6,2018-07-04,2018-07-17,false,4,0,true
2018186N31292,2018,NA,CHRIS,90,969,2,false,33.9,-71.9,2018-07-05,2018-07-17,false,1,7,true
2018195N19138,2018,WP,SON-TINH,50,989,0,false,18.7,106.8,2018-07-13,2018-07-24,false,23,0,false
2018199N18128,2018,WP,AMPIL,55,982,0,false,30.7,122.9,2018-07-18,2018-07-24,false,10,0,false
2018202N18116,2018,WP,SIN NOMBRE,35,995,0,false,18.0,118.6,2018-07-20,2018-07-23,false,1,33,false
2018202N21088,2018,NI,SIN NOMBRE,30,988,-5,false,21.7,87.4,2018-07-21,2018-07-23,false,8,0,false
2018202N21159,2018,WP,WUKONG,65,974,1,false,33.9,157.8,2018-07-21,2018-07-27,false,0,225,true
2018204N15137,2018,WP,JONGDARI,90,950,2,false,26.4,143.8,2018-07-23,2018-08-04,false,12,0,true
2018208N11225,2018,EP,SIN NOMBRE,30,1007,-1,false,10.9,-135.0,2018-07-26,2018-07-27,false,0,1956,false
2018208N13238,2018,EP,GILMA,40,1005,0,false,14.2,-126.3,2018-07-26,2018-07-31,false,0,663,false
2018211N27152,2018,WP,SIN NOMBRE,35,996,-1,false,36.2,150.0,2018-07-30,2018-08-02,false,0,777,false
2018213N12245,2018,EP,HECTOR,135,936,4,true,15.1,217.5,2018-07-31,2018-08-16,false,0,271,true
2018214N19153,2018,WP,SHANSHAN,85,953,2,false,31.2,143.9,2018-08-02,2018-08-10,false,3,44,true
2018215N41326,2018,NA,DEBBY,45,998,0,false,42.4,-47.2,2018-08-02,2018-08-10,false,0,664,false
2018217N12266,2018,EP,ILEANA,55,998,0,false,15.8,-101.2,2018-08-04,2018-08-07,false,0,99,false
2018218N14255,2018,EP,JOHN,95,964,2,false,18.3,-110.1,2018-08-05,2018-08-13,false,0,319,true
2018218N18134,2018,WP,YAGI,45,983,0,false,27.7,122.2,2018-08-06,2018-08-14,false,8,0,false
2018219N15237,2018,EP,KRISTY,60,991,0,false,17.8,-129.9,2018-08-06,2018-08-13,false,0,1558,false
2018219N21088,2018,NI,SIN NOMBRE,25,994,-5,false,21.5,87.0,2018-08-07,2018-08-08,false,3,0,false
2018221N17112,2018,WP,BEBINCA,60,979,0,false,20.0,108.0,2018-08-10,2018-08-17,false,13,0,false
2018222N16147,2018,WP,LEEPI,65,982,1,false,23.5,141.4,2018-08-10,2018-08-15,false,5,0,true
2018226N11245,2018,EP,LANE,140,926,5,true,14.3,-153.6,2018-08-13,2018-08-29,false,0,216,true
2018226N23128,2018,WP,RUMBIA,50,978,0,false,30.5,121.9,2018-08-14,2018-08-18,false,7,0,false
2018227N11145,2018,WP,SOULIK,105,942,3,false,24.8,140.0,2018-08-15,2018-08-25,false,3,0,true
2018227N20086,2018,NI,SIN NOMBRE,25,993,-5,false,20.1,85.6,2018-08-15,2018-08-17,false,8,0,false
2018227N37315,2018,NA,ERNESTO,40,999,0,false,41.5,-43.8,2018-08-15,2018-08-19,false,2,0,false
2018229N11160,2018,WP,CIMARON,115,936,4,true,24.2,139.9,2018-08-16,2018-08-24,false,2,8,true
2018234N22119,2018,WP,SIN NOMBRE,30,997,-1,false,22.8,120.5,2018-08-22,2018-08-25,false,11,0,false
2018238N13239,2018,EP,MIRIAM,85,974,2,false,18.7,-141.2,2018-08-25,2018-09-03,false,0,1261,true
2018239N11161,2018,WP,JEBI,155,907,5,true,18.3,142.7,2018-08-27,2018-09-04,false,1,9,true
2018240N15251,2018,EP,NORMAN,130,937,4,true,17.6,-118.4,2018-08-27,2018-09-10,false,0,438,true
2018242N13343,2018,NA,FLORENCE,130,937,4,true,27.2,-66.4,2018-08-30,2018-09-18,false,19,0,true
2018244N14252,2018,EP,OLIVIA,115,951,4,true,18.9,-129.2,2018-09-01,2018-09-14,false,1,30,true
2018246N22283,2018,NA,GORDON,60,999,0,false,28.9,-87.2,2018-09-02,2018-09-07,false,14,0,false
2018249N22088,2018,NI,SIN NOMBRE,30,990,-5,false,21.8,87.6,2018-09-06,2018-09-07,false,5,0,false
2018250N12170,2018,WP,MANGKHUT,155,896,5,true,14.0,135.2,2018-09-06,2018-09-17,false,7,0,true
2018251N13325,2018,NA,ISAAC,65,995,1,false,14.5,-41.0,2018-09-07,2018-09-15,false,0,294,true
2018251N13343,2018,NA,HELENE,95,967,2,false,15.3,-32.1,2018-09-07,2018-09-17,false,1,10,true
2018251N15248,2018,EP,PAUL,40,1002,0,false,18.1,-118.6,2018-09-07,2018-09-14,false,0,896,false
2018251N20122,2018,WP,BARIJAT,45,996,0,false,20.8,118.1,2018-09-08,2018-09-13,false,4,0,false
2018255N37320,2018,NA,JOYCE,45,995,0,false,37.0,-39.8,2018-09-12,2018-09-21,false,0,1077,false
2018263N12146,2018,WP,TRAMI,140,914,5,true,19.6,129.1,2018-09-20,2018-10-01,false,3,0,true
2018263N17089,2018,NI,DAYE,35,995,0,false,18.3,86.1,2018-09-19,2018-09-22,false,7,0,false
2018263N26249,2018,EP,SIN NOMBRE,30,1002,-1,false,26.7,-111.2,2018-09-19,2018-09-20,false,4,0,false
2018265N08338,2018,NA,KIRK,55,998,0,false,12.1,-53.6,2018-09-22,2018-09-28,false,0,291,false
2018265N13308,2018,NA,SIN NOMBRE,30,1007,-1,false,12.9,-52.5,2018-09-21,2018-09-22,false,0,800,false
2018265N35315,2018,NA,LESLIE,80,968,1,false,30.4,-35.2,2018-09-22,2018-10-14,false,1,0,true
2018268N14253,2018,EP,ROSA,130,936,4,true,16.9,-117.1,2018-09-25,2018-10-02,false,1,0,true
2018268N24155,2018,WP,SIN NOMBRE,30,1001,-1,false,30.2,151.2,2018-09-25,2018-09-27,false,0,1007,false
2018269N11220,2018,EP,WALAKA,140,921,5,true,12.9,-169.6,2018-09-26,2018-10-07,false,0,753,true
2018271N06154,2018,WP,KONG-REY,150,906,5,true,17.3,133.6,2018-09-27,2018-10-07,false,3,11,true
2018273N12259,2018,EP,SERGIO,120,942,4,true,14.1,-118.5,2018-09-29,2018-10-12,false,2,0,true
2018279N11069,2018,NI,LUBAN,85,959,2,false,14.4,58.6,2018-10-05,2018-10-15,false,4,0,true
2018280N18273,2018,NA,MICHAEL,135,920,4,true,30.2,-85.4,2018-10-06,2018-10-15,false,7,0,true
2018281N14088,2018,NI,TITLI,105,944,3,false,18.3,85.0,2018-10-08,2018-10-12,false,8,0,true
2018282N09333,2018,NA,NADINE,55,995,0,false,11.8,-30.9,2018-10-08,2018-10-12,false,0,1136,false
2018288N17257,2018,EP,TARA,55,995,0,false,18.4,-104.3,2018-10-14,2018-10-16,false,2,35,false
2018292N13269,2018,EP,VICENTE,45,1002,0,false,14.5,-94.0,2018-10-19,2018-10-23,false,1,15,false
2018292N14261,2018,EP,WILLA,140,925,5,true,17.9,-107.1,2018-10-19,2018-10-24,false,2,0,true
2018294N08161,2018,WP,YUTU,150,904,5,true,14.7,146.2,2018-10-20,2018-11-03,false,2,0,true
2018300N25315,2018,NA,OSCAR,95,952,2,false,27.0,-58.5,2018-10-26,2018-11-04,false,0,346,true
2018306N14249,2018,EP,XAVIER,55,995,0,false,17.4,-105.3,2018-11-02,2018-11-09,false,0,133,false
2018311N07179,2018,WP,USAGI,90,971,2,false,9.8,109.5,2018-11-07,2018-11-26,false,11,0,true
2018314N12093,2018,NI,GAJA,80,963,1,false,10.6,80.3,2018-11-10,2018-11-19,false,4,0,true
2018321N10113,2018,WP,TORAJI,30,1000,-1,false,10.8,111.0,2018-11-16,2018-11-21,false,6,0,false
2018324N04156,2018,WP,MAN-YI,95,959,2,false,13.4,137.0,2018-11-20,2018-11-28,false,0,767,true
2018347N07089,2018,NI,PHETHAI,55,989,0,false,13.4,83.1,2018-12-13,2018-12-17,false,2,0,false
2018358N07140,2018,WP,SIN NOMBRE,30,998,-1,false,10.6,128.4,2018-12-23,2018-12-28,false,0,164,false
2018365N08115,2018,WP,PABUK,50,996,0,false,7.9,101.6,2018-12-30,2019-01-07,false,5,0,false
2018256S07076,2019,SI,SIN NOMBRE,45,1002,0,false,-10.6,70.1,2018-09-13,2018-09-19,false,0,568,false
2018269S09157,2019,SP,LIUA,45,989,0,false,-10.9,162.1,2018-09-25,2018-09-30,false,6,0,false
2018309S06068,2019,SI,ALCIDE,110,958,3,false,-11.6,54.0,2018-11-04,2018-11-15,false,0,195,true
2018313S05090,2019,SI,BOUCHRA,60,977,0,false,-14.7,81.0,2018-11-09,2018-11-22,false,0,960,false
2018334S09156,2019,SP,OWEN,85,965,2,false,-15.3,135.9,2018-11-30,2018-12-22,false,11,0,true
2018348S08093,2019,SI,KENANGA,115,944,4,true,-15.8,82.8,2018-12-14,2018-12-24,false,0,938,true
2018351S09059,2019,SI,CILIDA,135,925,4,true,-15.1,57.7,2018-12-16,2018-12-28,false,0,231,true
2018363S12145,2019,SP,PENNY,55,987,0,false,-15.7,155.5,2018-12-28,2019-01-09,false,11,0,false
2019001S10162,2019,SP,MONA,50,989,0,false,-14.5,177.5,2018-12-31,2019-01-09,false,1,22,false
2019004N03175,2019,WP,SIN NOMBRE,30,1002,-1,false,12.5,126.0,2019-01-04,2019-01-22,false,2,31,false
2019018S24033,2019,SI,DESMOND,45,989,0,false,-23.0,38.7,2019-01-17,2019-01-22,false,5,0,false
2019019S13106,2019,SI,SIN NOMBRE,40,998,-5,false,-11.0,96.1,2019-01-19,2019-01-29,false,0,664,false
2019021S09128,2019,SI,RILEY,75,970,1,false,-17.9,112.8,2019-01-21,2019-02-05,false,0,90,true
2019023S21041,2019,SI,EKETSANG,40,992,-5,false,-25.6,42.6,2019-01-23,2019-01-26,false,0,155,false
2019035S11058,2019,SI,GELENA,120,946,4,true,-18.7,60.3,2019-02-04,2019-02-15,false,0,282,true
2019035S13070,2019,SI,FUNANI,120,940,4,true,-19.9,66.7,2019-02-03,2019-02-10,false,0,766,true
2019040S17183,2019,SP,NEIL,40,994,0,false,-20.8,-175.0,2019-02-09,2019-02-10,false,0,362,false
2019042S17162,2019,SP,OMA,75,968,1,false,-19.6,162.5,2019-02-11,2019-02-28,false,3,15,true
2019050N05163,2019,WP,WUTIP,140,905,5,true,12.0,142.8,2019-02-18,2019-03-01,false,0,894,true
2019057S13184,2019,SP,POLA,100,948,3,false,-23.3,-178.0,2019-02-25,2019-03-02,false,0,338,true
2019060S10078,2019,SI,HALEH,115,941,4,true,-19.1,72.5,2019-02-28,2019-03-10,false,0,904,true
2019063S18038,2019,SI,IDAI,115,948,4,true,-19.5,38.5,2019-03-04,2019-03-16,false,27,0,true
2019067S11115,2019,SI,SAVANNAH,105,957,3,false,-16.2,91.0,2019-03-08,2019-03-22,false,0,269,true
2019071N04161,2019,WP,SIN NOMBRE,35,1001,0,false,7.4,133.8,2019-03-11,2019-03-19,false,3,0,false
2019074S08151,2019,SP,TREVOR,110,948,3,false,-15.6,138.2,2019-03-14,2019-03-27,false,34,0,true
2019077S13123,2019,SI,VERONICA,130,925,4,true,-16.4,117.7,2019-03-18,2019-03-30,false,11,20,true
2019078S13066,2019,SI,JOANINHA,120,938,4,true,-19.5,65.0,2019-03-18,2019-04-01,false,0,535,true
2019093S07133,2019,SI,WALLACE,60,992,0,false,-16.3,115.2,2019-04-03,2019-04-13,false,0,112,false
2019112S04079,2019,SI,LORNA,90,965,2,false,-18.1,90.0,2019-04-21,2019-04-30,false,0,1109,true
2019112S10053,2019,SI,KENNETH,125,934,4,true,-11.7,41.9,2019-04-21,2019-04-28,false,11,0,true
2019116N02090,2019,NI,FANI,150,900,5,true,17.6,84.8,2019-04-25,2019-05-04,false,6,0,true
2019126S05129,2019,SI,LILI,50,996,0,false,-9.2,129.0,2019-05-05,2019-05-11,false,1,11,false
2019129S10160,2019,SP,ANN,60,989,0,false,-15.9,155.7,2019-05-09,2019-05-18,false,4,0,false
2019141N28291,2019,NA,ANDREA,35,1006,-2,false,28.1,-68.6,2019-05-20,2019-05-22,false,0,825,false
2019160N11073,2019,NI,VAYU,100,948,3,false,20.8,69.1,2019-06-08,2019-06-18,false,3,0,true
2019176N18128,2019,WP,SEPAT,40,994,-5,false,34.1,137.9,2019-06-27,2019-06-28,false,0,62,false
2019177N15256,2019,EP,ALVIN,65,992,1,false,17.0,-114.8,2019-06-25,2019-06-30,false,0,396,true
2019178N10137,2019,WP,SIN NOMBRE,35,998,0,false,14.8,131.2,2019-06-27,2019-07-01,false,0,136,false
2019181N10252,2019,EP,BARBARA,135,930,4,true,13.0,-124.0,2019-06-30,2019-07-08,false,0,528,true
2019182N18114,2019,WP,MUN,35,992,0,false,19.1,108.3,2019-07-01,2019-07-04,false,7,0,false
2019188N16245,2019,EP,COSME,45,1001,0,false,15.5,-114.9,2019-07-06,2019-07-10,false,0,859,false
2019192N29274,2019,NA,BARRY,65,993,1,false,29.3,-91.9,2019-07-10,2019-07-16,false,12,0,true
2019193N14255,2019,EP,SIN NOMBRE,30,1006,-1,false,14.9,-107.0,2019-07-12,2019-07-15,false,0,489,false
2019195N13136,2019,WP,DANAS,45,984,0,false,26.5,123.9,2019-07-14,2019-07-21,false,4,0,false
2019203N15244,2019,EP,DALILA,40,1004,0,false,18.3,-117.4,2019-07-22,2019-07-26,false,0,866,false
2019204N25283,2019,NA,SIN NOMBRE,30,1013,-1,false,26.9,-79.6,2019-07-22,2019-07-23,false,4,23,false
2019205N23137,2019,WP,NARI,35,991,0,false,27.5,137.3,2019-07-24,2019-07-27,false,4,0,false
2019209N11237,2019,EP,ERICK,115,952,4,true,13.4,216.4,2019-07-27,2019-08-08,false,0,303,true
2019210N11253,2019,EP,FLOSSIE,70,987,1,false,13.0,-122.4,2019-07-28,2019-08-07,false,0,98,true
2019210N16117,2019,WP,WIPHA,55,983,0,false,21.5,108.4,2019-07-29,2019-08-03,false,11,0,false
2019213N17155,2019,WP,FRANCISCO,80,966,1,false,31.8,131.9,2019-08-01,2019-08-08,false,5,0,true
2019214N15134,2019,WP,LEKIMA,135,904,4,true,24.4,124.9,2019-08-03,2019-08-12,false,12,0,true
2019215N13242,2019,EP,GIL,35,1006,0,false,14.7,-121.9,2019-08-02,2019-08-06,false,0,1428,false
2019216N16147,2019,WP,KROSA,100,945,3,false,22.1,140.6,2019-08-04,2019-08-16,false,2,0,true
2019218N21088,2019,NI,SIN NOMBRE,30,988,-5,false,21.0,87.4,2019-08-06,2019-08-09,false,10,0,false
2019224N18252,2019,EP,HENRIETTE,40,1003,0,false,19.7,-111.5,2019-08-11,2019-08-15,false,0,303,false
2019231N13135,2019,WP,BAILU,60,979,0,false,22.3,120.6,2019-08-19,2019-08-26,false,6,0,false
2019233N15255,2019,EP,IVO,60,990,0,false,15.5,-113.1,2019-08-21,2019-08-27,false,0,319,false
2019233N40300,2019,NA,CHANTAL,35,1007,0,false,40.3,-57.1,2019-08-20,2019-08-26,false,0,570,false
2019236N08143,2019,WP,PODUL,40,993,0,false,17.5,111.3,2019-08-24,2019-08-31,false,7,0,false
2019236N10314,2019,NA,DORIAN,160,910,5,true,26.5,-77.1,2019-08-24,2019-09-09,false,5,0,true
2019239N32287,2019,NA,ERIN,35,1002,0,false,31.3,-71.6,2019-08-26,2019-08-29,false,0,285,false
2019242N14180,2019,EP,FAXAI,115,940,4,true,30.1,140.5,2019-08-30,2019-09-10,false,2,9,true
2019242N18126,2019,WP,KAJIKI,35,993,0,false,17.4,108.4,2019-08-31,2019-09-03,false,6,0,false
2019243N06136,2019,WP,LINGLING,120,928,4,true,25.7,125.2,2019-08-30,2019-09-07,false,3,0,true
2019244N13253,2019,EP,JULIETTE,110,953,3,false,18.2,-114.7,2019-09-01,2019-09-09,false,0,697,true
2019246N15225,2019,EP,AKONI,35,1004,0,false,12.1,-144.6,2019-09-03,2019-09-06,false,0,1017,false
2019246N16330,2019,NA,GABRIELLE,55,995,0,false,34.5,-49.3,2019-09-03,2019-09-11,false,0,920,false
2019246N24266,2019,NA,FERNAND,45,1000,0,false,23.1,-96.1,2019-09-03,2019-09-05,false,2,0,false
2019255N09162,2019,WP,PEIPAH,35,999,0,false,17.7,148.0,2019-09-12,2019-09-17,false,0,558,false
2019255N15251,2019,EP,KIKO,115,950,4,true,17.0,-120.9,2019-09-12,2019-09-26,false,0,670,true
2019256N23286,2019,NA,HUMBERTO,110,950,3,false,32.5,-67.2,2019-09-12,2019-09-20,false,0,216,true
2019260N10253,2019,EP,MARIO,60,991,0,false,14.4,-111.4,2019-09-16,2019-09-24,false,0,83,false
2019260N12262,2019,EP,LORENA,75,985,1,false,23.0,-109.2,2019-09-17,2019-09-22,false,10,0,true
2019260N13317,2019,NA,JERRY,90,976,2,false,17.7,-56.6,2019-09-17,2019-09-28,false,0,364,true
2019260N20129,2019,WP,TAPAH,65,967,1,false,27.4,125.6,2019-09-17,2019-09-23,false,0,57,true
2019261N28264,2019,NA,IMELDA,40,1003,0,false,29.0,-95.4,2019-09-17,2019-09-19,false,7,0,false
2019264N19071,2019,NI,HIKAA:HIKKA,90,969,2,false,20.1,61.0,2019-09-20,2019-09-26,false,7,0,true
2019265N12301,2019,NA,KAREN,40,1003,0,false,17.7,-65.6,2019-09-22,2019-09-27,false,2,39,false
2019266N11341,2019,NA,LORENZO,130,933,4,true,23.8,-45.0,2019-09-22,2019-10-04,false,1,0,true
2019268N10155,2019,WP,MITAG,90,961,2,false,24.6,122.9,2019-09-25,2019-10-04,false,5,0,true
2019272N14261,2019,EP,NARDA,45,997,0,false,23.6,-107.3,2019-09-28,2019-10-01,false,8,0,false
2019273N23070,2019,NI,SIN NOMBRE,25,1002,-5,false,23.1,70.2,2019-09-29,2019-10-01,false,7,0,false
2019278N16165,2019,WP,HAGIBIS,160,890,5,true,16.1,146.6,2019-10-04,2019-10-13,false,2,0,true
2019282N35286,2019,NA,MELISSA,55,994,0,false,38.9,-68.2,2019-10-08,2019-10-14,false,0,154,false
2019285N15198,2019,EP,EMA,45,1003,0,false,20.5,-163.7,2019-10-11,2019-10-16,false,0,437,false
2019288N13341,2019,NA,SIN NOMBRE,30,1006,-1,false,12.6,-19.3,2019-10-14,2019-10-17,false,0,271,false
2019288N16136,2019,WP,NEOGURI,95,964,2,false,22.6,127.5,2019-10-15,2019-10-22,false,0,191,true
2019289N14267,2019,EP,SIN NOMBRE,30,1005,-3,false,13.8,-93.3,2019-10-16,2019-10-16,false,1,11,false
2019290N08169,2019,WP,BUALOI,135,929,4,true,19.2,143.5,2019-10-17,2019-10-25,false,0,617,true
2019290N11234,2019,EP,OCTAVE,40,1006,0,false,10.0,-126.8,2019-10-17,2019-10-21,false,0,2057,false
2019291N22264,2019,NA,NESTOR,50,996,0,false,25.2,-91.2,2019-10-17,2019-10-21,false,5,0,false
2019293N17257,2019,EP,PRISCILLA,40,1003,0,false,17.9,-104.0,2019-10-19,2019-10-21,false,2,0,false
2019296N15066,2019,NI,KYAAR:KYARR,135,924,4,true,17.0,68.2,2019-10-22,2019-11-03,false,1,34,true
2019297N40322,2019,NA,PABLO,70,977,1,false,44.1,-17.3,2019-10-23,2019-10-29,false,0,653,true
2019299N25265,2019,NA,OLGA,45,992,0,false,27.0,-92.5,2019-10-25,2019-10-27,false,7,0,false
2019300N41309,2019,NA,REBEKAH,70,965,-2,false,40.5,-41.1,2019-10-27,2019-11-01,false,0,691,true
2019301N05081,2019,NI,MAHA,105,959,3,false,18.9,64.1,2019-10-28,2019-11-11,false,2,30,true
2019302N11118,2019,WP,BULBUL:MATMO,100,959,3,false,21.2,88.1,2019-10-28,2019-11-11,false,19,0,true
2019306N10162,2019,WP,HALONG,160,892,5,true,20.3,150.6,2019-11-01,2019-11-10,false,0,1596,true
2019308N13114,2019,WP,NAKRI,65,982,1,false,12.6,116.5,2019-11-05,2019-11-11,false,4,0,true
2019314N12172,2019,WP,FENGSHEN,115,946,4,true,21.1,142.2,2019-11-09,2019-11-18,false,0,1196,true
2019314N14136,2019,WP,KALMAEGI,90,963,2,false,19.2,122.5,2019-11-11,2019-11-22,false,4,0,true
2019317N11248,2019,EP,RAYMOND,45,1001,0,false,14.4,-109.1,2019-11-13,2019-11-17,false,0,321,false
2019320N09264,2019,EP,SIN NOMBRE,30,1006,-1,false,9.1,-97.7,2019-11-15,2019-11-18,false,0,690,false
2019322N11144,2019,WP,FUNG-WONG,65,988,1,false,20.1,124.8,2019-11-18,2019-11-23,false,0,322,true
2019323N19302,2019,NA,SEBASTIEN,60,970,0,false,26.7,-52.6,2019-11-19,2019-11-27,false,5,0,false
2019329N09160,2019,WP,KAMMURI,120,938,4,true,12.9,124.7,2019-11-25,2019-12-06,false,5,0,true
2019335N05058,2019,NI,PAWAN,45,997,0,false,7.9,52.2,2019-11-30,2019-12-07,false,4,0,false
2019337N11072,2019,NI,SIN NOMBRE,55,993,0,false,14.2,69.9,2019-12-02,2019-12-06,false,0,348,false
2019342N09062,2019,NI,SIN NOMBRE,30,1000,-5,false,10.4,60.4,2019-12-08,2019-12-10,false,0,259,false
2019354N05151,2019,WP,PHANFONE,105,958,3,false,11.8,122.4,2019-12-19,2019-12-29,false,4,10,true
2019326S08163,2020,SP,RITA,70,980,1,false,-11.8,169.8,2019-11-22,2019-11-29,false,0,147,true
2019336S06055,2020,SI,BELNA,105,955,3,false,-10.3,47.4,2019-12-02,2019-12-11,false,8,0,true
2019337S04065,2020,SI,AMBALI,140,918,5,true,-10.4,62.2,2019-12-03,2019-12-09,false,0,701,true
2019352S14070,2020,SI,CALVINIA,75,969,1,false,-22.7,58.6,2019-12-17,2020-01-03,false,0,56,true
2019359S08175,2020,SP,SARAI,75,971,1,false,-20.0,178.2,2019-12-24,2020-01-02,false,0,134,true
2020005S08133,2020,SI,CLAUDIA,85,971,2,false,-17.6,112.4,2020-01-04,2020-01-19,false,8,0,true
2020005S13121,2020,SI,BLAKE,55,989,0,false,-17.1,122.3,2020-01-04,2020-01-10,false,15,0,false
2020015S12170,2020,SP,TINO,85,955,2,false,-19.1,183.9,2020-01-15,2020-01-19,false,0,92,true
2020019S11063,2020,SI,SIN NOMBRE,45,998,0,false,-22.0,70.8,2020-01-19,2020-01-24,false,0,1060,false
2020022S17043,2020,SI,DIANE,55,985,0,false,-21.9,64.2,2020-01-22,2020-01-29,false,4,0,false
2020023S19056,2020,SI,ESAMI,45,991,0,false,-23.7,71.6,2020-01-22,2020-01-26,false,1,33,false
2020024S14190,2020,SP,SIN NOMBRE,35,1000,0,false,-20.6,-167.8,2020-01-24,2020-01-28,false,0,286,false
2020034S13063,2020,SI,FRANCISCO,45,993,0,false,-16.9,68.4,2020-02-03,2020-02-15,false,4,0,false
2020034S17129,2020,SI,DAMIEN,95,956,2,false,-20.4,116.6,2020-02-03,2020-02-10,false,21,0,true
2020037S13163,2020,SP,UESI,80,968,1,false,-21.6,162.7,2020-02-07,2020-02-16,false,0,129,true
2020045S15075,2020,SI,GABEKILE,90,969,2,false,-18.4,74.6,2020-02-13,2020-02-23,false,0,880,true
2020051S13186,2020,SP,VICKY,45,997,0,false,-15.1,-170.4,2020-02-20,2020-02-24,false,2,15,false
2020052S11181,2020,SP,WASI,60,993,0,false,-13.2,-174.0,2020-02-20,2020-02-23,false,2,31,false
2020052S13140,2020,SP,ESTHER,50,992,0,false,-16.7,137.7,2020-02-21,2020-03-04,false,37,0,false
2020053S12119,2020,SI,FERDINAND,100,958,3,false,-15.8,116.5,2020-02-22,2020-03-01,false,0,240,true
2020069S11113,2020,SI,SIN NOMBRE,45,996,0,false,-22.0,114.6,2020-03-09,2020-03-14,false,6,0,false
2020072S14054,2020,SI,HEROLD,100,963,3,false,-19.0,60.3,2020-03-12,2020-03-21,false,1,44,true
2020073S14149,2020,SP,GRETEL,65,971,1,false,-21.6,163.5,2020-03-13,2020-03-16,false,0,129,true
2020091S10145,2020,SP,SIN NOMBRE,30,999,-5,false,-8.4,145.9,2020-03-31,2020-04-03,false,3,11,false
2020092S09155,2020,SP,HAROLD,145,909,5,true,-15.8,167.8,2020-04-01,2020-04-10,false,3,0,true
2020092S12069,2020,SI,IRONDRO,105,950,3,false,-21.5,78.1,2020-04-01,2020-04-07,false,0,1511,true
2020104S12091,2020,SI,JERUTO,40,1000,0,false,-14.7,86.3,2020-04-13,2020-04-18,false,0,1611,false
2020116N14245,2020,EP,SIN NOMBRE,30,1006,-1,false,13.5,-115.5,2020-04-25,2020-04-27,false,0,1195,false
2020129N07134,2020,WP,VONGFONG,100,961,3,false,12.2,127.0,2020-05-08,2020-05-17,false,8,0,true
2020136N10088,2020,NI,AMPHAN,145,901,5,true,14.1,86.4,2020-05-15,2020-05-21,false,5,0,true
2020138N28281,2020,NA,ARTHUR,55,989,0,false,37.0,-69.5,2020-05-16,2020-05-21,false,0,64,false
2020139S04095,2020,SI,MANGGA,40,996,0,false,-7.7,92.6,2020-05-18,2020-05-23,false,0,494,false
2020148N32281,2020,NA,BERTHA,45,1005,0,false,32.6,-79.5,2020-05-27,2020-05-28,false,5,0,false
2020150N17054,2020,NI,SIN NOMBRE,25,1000,-5,false,17.3,54.3,2020-05-29,2020-05-31,false,10,0,false
2020152N12269,2020,EP,AMANDA,35,1003,0,false,13.3,-90.4,2020-05-30,2020-05-31,false,1,0,false
2020153N13072,2020,NI,NISARGA,85,968,2,false,18.1,72.9,2020-05-31,2020-06-04,false,5,0,true
2020154N19269,2020,NA,CRISTOBAL,50,982,0,false,18.9,-92.3,2020-06-01,2020-06-12,false,32,0,false
2020160N10133,2020,WP,NURI,35,995,0,false,19.4,115.1,2020-06-08,2020-06-14,false,12,0,false
2020174N39293,2020,NA,DOLLY,40,1000,0,false,39.4,-62.7,2020-06-22,2020-06-25,false,0,300,false
2020176N10228,2020,EP,BORIS,35,1005,0,false,11.0,-136.8,2020-06-24,2020-06-30,false,0,1237,false
2020182N20248,2020,EP,SIN NOMBRE,25,1006,-1,false,19.9,-112.1,2020-06-29,2020-07-01,false,0,348,false
2020186N30289,2020,NA,EDOUARD,40,1005,0,false,39.9,-51.7,2020-07-04,2020-07-09,false,3,0,false
2020188N28271,2020,NA,FAY,50,998,0,false,37.7,-74.7,2020-07-05,2020-07-11,false,16,0,false
2020189N10261,2020,EP,CRISTINA,60,993,0,false,19.4,-114.8,2020-07-06,2020-07-15,false,0,538,false
2020196N17250,2020,EP,SIN NOMBRE,30,1007,-1,false,16.6,-110.4,2020-07-13,2020-07-14,false,0,640,false
2020202N15234,2020,EP,SIN NOMBRE,35,1006,0,false,18.3,-129.7,2020-07-19,2020-07-21,false,0,1791,false
2020202N15241,2020,EP,DOUGLAS,115,954,4,true,14.6,-138.0,2020-07-20,2020-07-30,false,0,67,true
2020203N09323,2020,NA,GONZALO,55,997,0,false,9.7,-46.6,2020-07-20,2020-07-25,false,1,15,false
2020205N26272,2020,NA,HANNA,80,973,1,false,26.9,-96.8,2020-07-23,2020-07-26,false,4,0,true
2020211N13306,2020,NA,ISAIAS,80,986,1,false,32.8,-79.1,2020-07-28,2020-08-05,false,11,0,true
2020211N14124,2020,WP,SINLAKU,45,989,0,false,19.3,106.4,2020-07-29,2020-08-02,false,6,0,false
2020212N13340,2020,NA,SIN NOMBRE,30,1008,-1,false,13.0,-20.4,2020-07-29,2020-08-02,false,0,205,false
2020213N15131,2020,WP,HAGUPIT,75,971,1,false,26.8,121.7,2020-07-31,2020-08-06,false,8,0,true
2020220N14128,2020,WP,JANGMI,40,990,0,false,27.5,126.2,2020-08-08,2020-08-11,false,2,28,false
2020221N13262,2020,EP,ELIDA,90,971,2,false,21.1,-113.5,2020-08-08,2020-08-14,false,0,257,true
2020222N15117,2020,WP,MEKKHALA,70,980,1,false,24.2,117.7,2020-08-08,2020-08-12,false,5,0,true
2020222N26149,2020,WP,SIN NOMBRE,45,1000,0,false,26.1,147.8,2020-08-09,2020-08-12,false,0,722,false
2020224N11326,2020,NA,JOSEPHINE,40,1004,0,false,13.4,-48.6,2020-08-10,2020-08-16,false,0,232,false
2020226N13233,2020,EP,SIN NOMBRE,30,1004,-1,false,13.5,-128.8,2020-08-12,2020-08-17,false,0,2037,false
2020228N37286,2020,NA,KYLE,45,1000,0,false,38.4,-69.1,2020-08-14,2020-08-16,false,0,141,false
2020229N18123,2020,WP,HIGOS,60,988,0,false,21.6,113.8,2020-08-16,2020-08-19,false,3,0,false
2020229N18242,2020,EP,FAUSTO,35,1004,0,false,20.4,-119.3,2020-08-16,2020-08-18,false,0,870,false
2020230N11264,2020,EP,GENEVIEVE,115,950,4,true,17.7,-107.6,2020-08-16,2020-08-22,false,0,84,true
2020233N14313,2020,NA,LAURA,130,937,4,true,28.5,-93.0,2020-08-20,2020-08-29,false,17,0,true
2020234N14280,2020,NA,MARCO,65,991,1,false,24.3,-87.2,2020-08-20,2020-08-25,false,4,22,true
2020234N19123,2020,WP,BAVI,100,942,3,false,31.4,124.7,2020-08-21,2020-08-27,false,3,0,true
2020238N16252,2020,EP,HERNAN,40,1001,0,false,18.4,-105.8,2020-08-25,2020-08-28,false,1,10,false
2020239N13134,2020,WP,MAYSAK,120,930,4,true,26.9,126.0,2020-08-26,2020-09-03,false,3,0,true
2020239N15243,2020,EP,ISELLE,50,997,0,false,17.7,-115.6,2020-08-25,2020-08-31,false,0,100,false
2020244N25146,2020,WP,HAISHEN,135,913,4,true,22.2,134.3,2020-08-31,2020-09-07,false,5,0,true
2020244N30279,2020,NA,OMAR,35,1003,0,false,34.6,-73.7,2020-08-30,2020-09-06,false,0,68,false
2020245N16285,2020,NA,NANA,65,994,1,false,16.8,-88.3,2020-09-01,2020-09-04,false,4,0,true
2020249N14265,2020,EP,JULIO,40,1004,0,false,16.8,-103.9,2020-09-04,2020-09-07,false,0,119,false
2020251N15342,2020,NA,RENE,40,1001,0,false,18.4,-35.3,2020-09-06,2020-09-14,false,0,65,false
2020251N17319,2020,NA,PAULETTE,90,965,2,false,33.9,-64.4,2020-09-07,2020-09-28,false,0,630,true
2020254N26143,2020,WP,SIN NOMBRE,25,1004,-1,false,30.9,138.2,2020-09-10,2020-09-12,false,0,304,false
2020256N11329,2020,NA,TEDDY,120,945,4,true,20.4,-54.4,2020-09-12,2020-09-24,false,3,0,true
2020256N25281,2020,NA,SALLY,95,967,2,false,29.9,-87.9,2020-09-11,2020-09-18,false,12,0,true
2020257N16248,2020,EP,KARINA,50,996,0,false,18.7,-119.3,2020-09-12,2020-09-18,false,0,749,false
2020258N11127,2020,WP,NOUL,50,990,0,false,16.1,110.3,2020-09-14,2020-09-18,false,7,0,false
2020258N18332,2020,NA,VICKY,45,1001,0,false,19.0,-29.1,2020-09-14,2020-09-19,false,0,1185,false
2020259N47338,2020,NA,ALPHA,60,992,-2,false,47.0,-22.4,2020-09-14,2020-09-19,false,3,0,false
2020261N10335,2020,NA,WILFRED,35,1006,0,false,10.8,-28.1,2020-09-17,2020-09-21,false,0,927,false
2020261N21265,2020,NA,BETA,55,993,0,false,27.5,-93.6,2020-09-17,2020-09-25,false,15,0,false
2020263N21136,2020,WP,DOLPHIN,55,983,0,false,28.1,135.6,2020-09-19,2020-09-24,false,0,248,false
2020265N16252,2020,EP,LOWELL,45,1001,0,false,19.6,-119.3,2020-09-20,2020-09-27,false,0,518,false
2020270N17159,2020,WP,KUJIRA,65,974,1,false,34.7,155.1,2020-09-26,2020-09-30,false,0,1067,true
2020272N12257,2020,EP,MARIE,120,945,4,true,15.9,-122.6,2020-09-27,2020-10-10,false,0,560,true
2020276N17277,2020,NA,GAMMA,60,980,0,false,20.4,-87.5,2020-10-02,2020-10-06,false,7,0,false
2020277N21141,2020,WP,CHAN-HOM,80,963,1,false,27.2,133.0,2020-10-03,2020-10-13,false,0,156,true
2020279N11256,2020,EP,NORBERT,50,1000,0,false,13.9,-106.4,2020-10-04,2020-10-15,false,0,220,false
2020279N16284,2020,NA,DELTA,120,953,4,true,18.5,-83.3,2020-10-04,2020-10-11,false,10,0,true
2020281N14126,2020,WP,LINFA,40,999,0,false,14.7,110.6,2020-10-08,2020-10-11,false,3,0,false
2020285N15087,2020,NI,SIN NOMBRE,30,997,-5,false,15.9,84.8,2020-10-11,2020-10-14,false,6,0,false
2020285N17120,2020,WP,NANGKA,50,989,0,false,19.1,110.5,2020-10-11,2020-10-14,false,5,0,false
2020291N06141,2020,WP,SAUDEL,75,975,1,false,17.7,115.3,2020-10-16,2020-10-26,false,4,0,true
2020291N18069,2020,NI,SIN NOMBRE,25,1003,-5,false,17.8,67.5,2020-10-17,2020-10-18,false,0,422,false
2020291N32305,2020,NA,EPSILON,100,952,3,false,29.3,-59.6,2020-10-16,2020-10-26,false,0,382,true
2020293N23139,2020,WP,SIN NOMBRE,30,1001,-1,false,25.1,139.4,2020-10-19,2020-10-22,false,0,668,false
2020296N09137,2020,WP,MOLAVE,105,952,3,false,13.5,113.2,2020-10-21,2020-10-29,false,7,0,true
2020296N19087,2020,NI,SIN NOMBRE,25,998,-5,false,19.0,87.0,2020-10-22,2020-10-23,false,4,0,false
2020299N11144,2020,WP,GONI,170,884,5,true,13.7,125.0,2020-10-25,2020-11-06,false,6,0,true
2020299N18277,2020,NA,ZETA,95,973,2,false,28.0,-91.1,2020-10-24,2020-10-30,false,6,0,true
2020303N05149,2020,WP,ATSANI,50,993,0,false,20.2,128.7,2020-10-31,2020-11-07,false,1,42,false
2020306N15288,2020,NA,ETA,130,922,4,true,14.3,-82.5,2020-10-31,2020-11-14,false,16,0,true
2020309N14245,2020,EP,ODALYS,45,1000,0,false,17.7,-121.2,2020-11-03,2020-11-07,false,0,1181,false
2020312N10131,2020,WP,ETAU,45,995,0,false,12.7,112.1,2020-11-06,2020-11-11,false,7,0,false
2020313N08135,2020,WP,VAMCO,115,945,4,true,15.6,112.4,2020-11-08,2020-11-16,false,6,0,true
2020314N28313,2020,NA,THETA,60,987,0,false,28.9,-38.0,2020-11-08,2020-11-16,false,0,371,false
2020318N16289,2020,NA,IOTA,135,917,4,true,13.5,-81.5,2020-11-12,2020-11-18,false,6,0,true
2020323N15248,2020,EP,POLO,40,1004,0,false,16.0,-115.6,2020-11-17,2020-11-21,false,0,896,false
2020326N11063,2020,NI,GATI,100,967,3,false,10.4,52.6,2020-11-20,2020-11-24,false,7,0,true
2020327N08086,2020,NI,NIVAR,70,982,1,false,11.5,80.9,2020-11-22,2020-11-27,false,8,0,true
2020335N06090,2020,NI,BUREVI,45,999,0,false,8.5,83.3,2020-11-29,2020-12-05,false,10,0,false
2020353N06129,2020,WP,KROVANH,30,1001,-1,false,8.2,101.6,2020-12-17,2020-12-25,false,5,0,false
2020317S04092,2021,SI,ALICIA,75,978,1,false,-15.3,72.8,2020-11-11,2020-11-20,false,0,825,true
2020332S11091,2021,SI,BONGOYO,60,989,0,false,-17.7,77.4,2020-11-26,2020-12-12,false,0,1073,false
2020339S09106,2021,SI,SIN NOMBRE,45,992,0,false,-10.9,108.6,2020-12-04,2020-12-12,false,4,0,false
2020345S13183,2021,SP,SIN NOMBRE,40,999,0,false,-14.9,176.2,2020-12-09,2020-12-12,false,0,287,false
2020346S13168,2021,SP,YASA,140,914,5,true,-14.7,174.3,2020-12-11,2020-12-21,false,2,15,true
2020347S14190,2021,SP,ZAZU,55,985,0,false,-20.3,-170.9,2020-12-12,2020-12-16,false,0,218,false
2020355S11065,2021,SI,CHALANE,70,985,1,false,-19.3,35.9,2020-12-20,2021-01-03,false,16,0,true
2020366S12073,2021,SI,DANILO,60,984,0,false,-13.0,75.4,2020-12-30,2021-01-12,false,1,44,false
2021001S14136,2021,SP,IMOGEN,45,994,0,false,-17.4,140.8,2021-01-01,2021-01-04,false,7,0,false
2021005S10101,2021,SI,SIN NOMBRE,35,999,-5,false,-15.8,98.1,2021-01-05,2021-01-10,false,0,565,false
2021012S12086,2021,SI,ELOISE,90,968,2,false,-20.1,35.0,2021-01-11,2021-01-25,false,16,0,true
2021013S12099,2021,SI,JOSHUA,50,993,0,false,-19.3,87.9,2021-01-13,2021-01-21,false,0,860,false
2021015S14147,2021,SP,KIMI,55,990,0,false,-15.8,146.5,2021-01-15,2021-01-19,false,0,53,false
2021018S11133,2021,SI,SIN NOMBRE,45,995,0,false,-19.0,120.2,2021-01-18,2021-01-23,false,6,0,false
2021020S13107,2021,SI,SIN NOMBRE,40,995,0,false,-12.6,97.4,2021-01-19,2021-02-02,false,0,444,false
2021025S14138,2021,SP,LUCAS,65,980,1,false,-15.6,162.6,2021-01-24,2021-02-04,false,13,0,true
2021028S15128,2021,SI,SIN NOMBRE,35,990,0,false,-24.4,113.7,2021-01-28,2021-02-08,false,39,0,false
2021029S14162,2021,SP,BINA,50,988,0,false,-12.6,174.0,2021-01-29,2021-02-01,false,0,55,false
2021029S16171,2021,SP,ANA,65,975,1,false,-18.1,178.4,2021-01-28,2021-02-03,false,2,0,true
2021035S11080,2021,SI,FARAJI,140,920,5,true,-14.3,82.6,2021-02-04,2021-02-16,false,0,912,true
2021038S14178,2021,SP,SIN NOMBRE,45,989,0,false,-25.2,182.3,2021-02-07,2021-02-12,false,1,44,false
2021042S23040,2021,SI,GUAMBE,90,960,2,false,-24.8,36.5,2021-02-11,2021-02-22,false,18,0,true
2021046N06142,2021,WP,DUJUAN,45,991,0,false,7.0,131.2,2021-02-14,2021-02-22,false,2,0,false
2021053S13128,2021,SI,MARIAN,100,952,3,false,-17.5,91.4,2021-02-22,2021-03-09,false,0,119,true
2021058S14149,2021,SP,NIRAN,140,917,5,true,-18.8,159.2,2021-02-26,2021-03-07,false,1,44,true
2021062S14064,2021,SI,HABANA,135,928,4,true,-17.5,76.1,2021-03-02,2021-03-17,false,0,963,true
2021062S18040,2021,SI,IMAN,50,989,0,false,-25.5,59.8,2021-03-02,2021-03-11,false,6,0,false
2021079S12097,2021,SI,SIN NOMBRE,35,1000,-5,false,-12.3,92.8,2021-03-20,2021-03-26,false,0,1057,false
2021092N11096,2021,NI,SIN NOMBRE,25,1000,-5,false,11.0,96.3,2021-04-02,2021-04-03,false,0,93,false
2021093S10103,2021,SI,ODETTE,55,987,0,false,-14.4,107.9,2021-04-03,2021-04-10,false,0,138,false
2021093S11122,2021,SI,SEROJA,75,968,1,false,-26.2,112.0,2021-04-02,2021-04-12,false,10,0,true
2021097S10090,2021,SI,SIN NOMBRE,35,1000,-5,false,-10.7,95.4,2021-04-07,2021-04-11,false,0,783,false
2021099S15159,2021,SP,SIN NOMBRE,40,998,0,false,-24.6,167.9,2021-04-09,2021-04-12,false,2,0,false
2021102N06144,2021,WP,SURIGAE,170,882,5,true,12.0,129.2,2021-04-11,2021-04-25,false,0,207,true
2021108S11067,2021,SI,JOBO,55,994,0,false,-9.7,48.2,2021-04-17,2021-04-24,false,2,0,false
2021129N13254,2021,EP,ANDRES,35,1005,0,false,13.7,-107.9,2021-05-08,2021-05-12,false,0,646,false
2021132N06132,2021,WP,SIN NOMBRE,35,1000,0,false,7.2,129.1,2021-05-11,2021-05-14,false,4,0,false
2021133N10071,2021,NI,TAUKTAE,120,931,4,true,18.4,71.7,2021-05-13,2021-05-19,false,7,0,true
2021140N30305,2021,NA,ANA,50,1004,0,false,34.8,-55.0,2021-05-20,2021-05-24,false,0,920,false
2021143N15090,2021,NI,YAAS,65,974,1,false,19.5,88.2,2021-05-23,2021-05-27,false,7,0,true
2021148N05142,2021,WP,CHOI-WAN,45,996,0,false,8.1,130.8,2021-05-28,2021-06-05,false,6,0,false
2021151N11257,2021,EP,BLANCA,50,998,0,false,13.9,-109.5,2021-05-30,2021-06-05,false,0,738,false
2021161N18115,2021,WP,KOGUMA,35,996,0,false,19.7,107.4,2021-06-10,2021-06-13,false,5,0,false
2021163N11240,2021,EP,CARLOS,45,1003,0,false,11.9,-125.0,2021-06-12,2021-06-17,false,0,1705,false
2021165N32282,2021,NA,BILL,55,992,0,false,39.4,-64.0,2021-06-13,2021-06-16,false,0,172,false
2021169N14260,2021,EP,DOLORES,60,989,0,false,17.9,-103.5,2021-06-17,2021-06-20,false,3,0,false
2021169N23268,2021,NA,CLAUDETTE,40,1003,0,false,27.2,-91.1,2021-06-17,2021-06-23,false,10,0,false
2021171N09152,2021,WP,CHAMPI,65,987,1,false,22.0,139.1,2021-06-19,2021-06-27,false,0,324,true
2021176N15259,2021,EP,ENRIQUE,80,972,1,false,17.5,-105.9,2021-06-25,2021-06-30,false,2,23,true
2021179N30287,2021,NA,DANNY,40,1009,0,false,32.0,-79.5,2021-06-27,2021-06-29,false,1,0,false
2021182N09317,2021,NA,ELSA,75,991,1,false,13.8,-62.4,2021-06-30,2021-07-10,false,16,0,true
2021185N13121,2021,WP,SIN NOMBRE,30,1000,-1,false,19.7,106.8,2021-07-03,2021-07-08,false,4,0,false
2021186N16129,2021,WP,SIN NOMBRE,30,1003,-1,false,19.4,123.5,2021-07-04,2021-07-05,false,1,33,false
2021195N13249,2021,EP,FELICIA,125,945,4,true,14.5,-124.2,2021-07-14,2021-07-22,false,0,888,true
2021197N17135,2021,WP,IN-FA,95,951,2,false,24.1,127.9,2021-07-16,2021-07-30,false,18,0,true
2021198N15254,2021,EP,GUILLERMO,50,999,0,false,18.3,-113.4,2021-07-17,2021-07-21,false,0,431,false
2021198N19117,2021,WP,CEMPAKA,80,965,1,false,21.5,112.3,2021-07-17,2021-07-24,false,14,0,true
2021204N21146,2021,WP,NEPARTAK,40,981,-2,false,34.9,142.6,2021-07-22,2021-07-29,false,2,0,false
2021208N13245,2021,EP,JIMENA,35,1004,0,false,15.7,-136.8,2021-07-26,2021-08-07,false,0,1193,false
2021212N12248,2021,EP,HILDA,75,985,1,false,14.2,-118.3,2021-07-30,2021-08-07,false,0,1108,true
2021213N14253,2021,EP,IGNACIO,35,1004,0,false,18.2,-113.6,2021-07-31,2021-08-04,false,0,568,false
2021214N20155,2021,WP,SIN NOMBRE,35,995,0,false,25.3,153.2,2021-08-01,2021-08-06,false,0,133,false
2021214N21110,2021,WP,LUPIT,45,976,0,false,22.4,116.8,2021-08-02,2021-08-10,false,14,0,false
2021215N24124,2021,WP,MIRINAE,55,977,0,false,35.1,142.1,2021-08-03,2021-08-10,false,0,115,false
2021216N22144,2021,WP,NIDA,55,985,0,false,36.9,153.0,2021-08-03,2021-08-08,false,0,688,false
2021219N08193,2021,EP,OMAIS,55,990,0,false,22.8,127.1,2021-08-07,2021-08-24,false,2,8,false
2021219N15258,2021,EP,KEVIN,55,994,0,false,15.7,-108.6,2021-08-06,2021-08-15,false,0,271,false
2021222N12262,2021,EP,LINDA,115,953,4,true,18.6,-115.5,2021-08-09,2021-08-24,false,2,30,true
2021222N14301,2021,NA,FRED,55,991,0,false,29.5,-85.4,2021-08-09,2021-08-20,false,30,0,false
2021225N15313,2021,NA,GRACE,105,967,3,false,20.7,-95.8,2021-08-13,2021-08-21,false,9,0,true
2021227N36297,2021,NA,HENRI,65,986,1,false,33.6,-72.7,2021-08-15,2021-08-24,false,7,0,true
2021235N20251,2021,EP,MARTY,40,1002,0,false,20.5,-111.8,2021-08-23,2021-08-27,false,0,325,false
2021236N12265,2021,EP,NORA,75,976,1,false,19.1,-105.3,2021-08-24,2021-08-30,false,8,0,true
2021239N17281,2021,NA,IDA,130,929,4,true,28.5,-89.6,2021-08-26,2021-09-04,false,23,0,true
2021240N13313,2021,NA,KATE,40,1004,0,false,21.3,-50.8,2021-08-27,2021-09-01,false,0,987,false
2021241N32308,2021,NA,JULIAN,50,993,0,false,35.9,-45.7,2021-08-28,2021-08-31,false,0,1164,false
2021244N12339,2021,NA,LARRY,110,953,3,false,15.8,-44.0,2021-08-31,2021-09-11,false,1,23,true
2021244N24164,2021,WP,SIN NOMBRE,35,1001,0,false,27.8,158.4,2021-09-01,2021-09-04,false,0,1467,false
2021248N11131,2021,WP,CONSON,60,980,0,false,11.2,126.0,2021-09-05,2021-09-13,false,18,0,false
2021248N12141,2021,WP,CHANTHU,155,902,5,true,19.5,122.3,2021-09-05,2021-09-18,false,6,0,true
2021250N17254,2021,EP,OLAF,85,977,2,false,22.7,-109.3,2021-09-06,2021-09-12,false,3,0,true
2021252N28273,2021,NA,MINDY,45,1001,0,false,29.5,-85.4,2021-09-08,2021-09-10,false,3,0,false
2021256N20087,2021,NI,SIN NOMBRE,30,990,-5,false,20.6,87.0,2021-09-12,2021-09-14,false,9,0,false
2021256N21265,2021,NA,NICHOLAS,65,988,1,false,28.0,-96.2,2021-09-12,2021-09-17,false,15,0,true
2021259N30286,2021,NA,ODETTE,55,989,0,false,44.1,-54.1,2021-09-16,2021-09-26,false,0,156,false
2021262N10333,2021,NA,ROSE,50,1004,0,false,18.8,-35.3,2021-09-19,2021-09-24,false,0,1177,false
2021262N16307,2021,NA,PETER,45,1005,0,false,17.9,-57.0,2021-09-19,2021-09-22,false,0,227,false
2021264N13119,2021,WP,DIANMU,35,1001,0,false,15.3,109.3,2021-09-21,2021-09-24,false,5,0,false
2021265N11150,2021,WP,MINDULLE,140,916,5,true,18.6,136.8,2021-09-22,2021-10-02,false,0,241,true
2021266N10327,2021,NA,SAM,135,927,4,true,14.1,-50.3,2021-09-22,2021-10-07,false,0,608,true
2021267N18094,2021,NI,GULAB:SHAHEEN-GU,70,976,1,false,24.3,60.1,2021-09-23,2021-10-04,false,20,0,true
2021267N31298,2021,NA,TERESA,40,1008,-2,false,33.6,-64.1,2021-09-24,2021-09-26,false,0,912,false
2021272N07338,2021,NA,VICTOR,55,997,0,false,11.4,-33.0,2021-09-29,2021-10-04,false,0,831,false
2021276N07131,2021,WP,LIONROCK,45,989,0,false,19.0,110.6,2021-10-02,2021-10-10,false,11,0,false
2021280N14068,2021,NI,SIN NOMBRE,25,1002,-5,false,14.2,67.2,2021-10-07,2021-10-08,false,0,703,false
2021280N14137,2021,WP,KOMPASU,60,979,0,false,18.8,117.4,2021-10-08,2021-10-14,false,5,0,false
2021282N16165,2021,WP,NAMTHEUN,55,988,0,false,28.1,163.0,2021-10-08,2021-10-18,false,0,1514,false
2021283N14258,2021,EP,PAMELA,65,987,1,false,18.6,-109.1,2021-10-10,2021-10-13,false,3,0,true
2021295N09145,2021,WP,MALOU,85,968,2,false,24.8,141.5,2021-10-22,2021-10-29,false,0,675,true
2021296N06127,2021,WP,SIN NOMBRE,30,1000,-1,false,11.8,110.4,2021-10-22,2021-10-27,false,5,0,false
2021296N13260,2021,EP,RICK,90,977,2,false,17.2,-101.8,2021-10-22,2021-10-25,false,2,0,true
2021299N33284,2021,NA,WANDA,60,973,0,false,40.8,-67.6,2021-10-25,2021-11-08,false,0,59,false
2021307N09275,2021,EP,TERRY,35,1006,0,false,8.2,-100.9,2021-11-02,2021-11-10,false,0,92,false
2021311N13248,2021,EP,SANDRA,35,1005,0,false,13.5,-113.5,2021-11-07,2021-11-10,false,0,1041,false
2021312N07090,2021,NI,SIN NOMBRE,40,994,0,false,12.8,80.8,2021-11-08,2021-11-11,false,2,0,false
2021322N11082,2021,NI,SIN NOMBRE,25,1000,-5,false,11.2,81.7,2021-11-18,2021-11-19,false,2,0,false
2021333N11146,2021,WP,NYATOH,125,933,4,true,19.5,137.5,2021-11-28,2021-12-04,false,0,969,true
2021335N08096,2021,NI,JAWAD,35,1000,0,false,13.6,86.2,2021-11-30,2021-12-06,false,3,0,false
2021346N05145,2021,WP,RAI,150,908,5,true,9.7,127.6,2021-12-11,2021-12-21,false,4,0,true
2021349N05108,2021,WP,SIN NOMBRE,30,1003,-1,false,4.3,104.5,2021-12-15,2021-12-17,false,3,0,false
2021323S10103,2022,SI,PADDY,45,988,0,false,-12.9,108.0,2021-11-19,2021-11-25,false,0,379,false
2021334S07101,2022,SI,TERATAI,45,999,0,false,-8.9,102.6,2021-11-29,2021-12-11,false,0,239,false
2021343S09155,2022,SP,RUBY,70,980,1,false,-17.3,159.8,2021-12-08,2021-12-15,false,3,0,true
2021358S09130,2022,SI,SETH,50,989,0,false,-20.0,154.2,2021-12-23,2022-01-07,false,23,0,false
2022008S13148,2022,SP,TIFFANY,60,989,0,false,-14.1,144.9,2022-01-08,2022-01-17,false,28,0,false
2022008S17173,2022,SP,CODY,60,976,0,false,-22.8,173.9,2022-01-07,2022-01-15,false,0,130,false
2022020S13060,2022,SI,ANA,50,994,0,false,-16.3,40.4,2022-01-20,2022-01-25,false,10,0,false
2022024S09090,2022,SI,BATSIRAI,125,932,4,true,-18.8,56.7,2022-01-24,2022-02-10,false,5,0,true
2022030S14147,2022,SP,SIN NOMBRE,45,994,0,false,-14.4,150.9,2022-01-29,2022-02-04,false,0,160,false
2022034S16082,2022,SI,CLIFF,45,992,0,false,-18.6,83.6,2022-02-02,2022-02-13,false,0,136,false
2022037S10103,2022,SI,EMNATI,115,939,4,true,-17.5,55.3,2022-02-13,2022-02-28,false,4,0,true
2022038S19164,2022,SP,DOVI,90,957,2,false,-25.1,166.0,2022-02-07,2022-02-12,false,0,78,true
2022042S12063,2022,SI,DUMAKO,50,995,0,false,-16.2,56.9,2022-02-11,2022-02-18,false,7,0,false
2022046S15095,2022,SI,FEZILE,55,975,-5,false,-31.9,87.8,2022-02-16,2022-02-19,false,0,2033,false
2022054S13100,2022,SI,VERNON,110,950,3,false,-14.9,91.0,2022-02-23,2022-03-10,false,0,918,true
2022054S14085,2022,SI,SIN NOMBRE,45,989,0,false,-11.1,90.6,2022-02-23,2022-02-28,false,0,1396,false
2022055S13129,2022,SI,ANIKA,55,984,0,false,-13.3,127.4,2022-02-23,2022-03-04,false,22,0,false
2022058S17163,2022,SP,EVA,45,985,0,false,-25.8,173.9,2022-02-26,2022-03-06,false,3,15,false
2022059S10106,2022,SI,SIN NOMBRE,35,999,0,false,-10.8,111.0,2022-02-27,2022-03-03,false,0,190,false
2022062N06085,2022,NI,SIN NOMBRE,40,998,0,false,11.5,83.0,2022-03-03,2022-03-06,false,1,43,false
2022065S16055,2022,SI,GOMBE,100,959,3,false,-15.4,40.6,2022-03-06,2022-03-17,false,27,0,true
2022072S11107,2022,SI,BILLY,65,986,1,false,-16.2,99.8,2022-03-12,2022-03-17,false,0,390,true
2022076S10126,2022,SI,CHARLOTTE,90,967,2,false,-16.7,109.4,2022-03-17,2022-03-26,false,4,0,true
2022079N10093,2022,NI,SIN NOMBRE,30,1000,-5,false,11.9,93.7,2022-03-20,2022-03-23,false,4,0,false
2022080S09087,2022,SI,HALIMA,125,932,4,true,-14.2,73.4,2022-03-20,2022-04-07,false,0,1553,true
2022088N09116,2022,WP,SIN NOMBRE,35,1002,0,false,12.5,109.7,2022-03-29,2022-04-01,false,7,0,false
2022089S16109,2022,SI,SIN NOMBRE,25,1004,-5,false,-17.3,109.6,2022-03-30,2022-04-03,false,2,29,false
2022094S15163,2022,SP,FILI,60,988,0,false,-19.3,162.2,2022-04-03,2022-04-09,false,0,61,false
2022096N03150,2022,WP,MALAKAS,105,949,3,false,19.7,137.5,2022-04-06,2022-04-15,false,0,644,true
2022099N11128,2022,WP,MEGI,40,996,0,false,10.8,125.9,2022-04-08,2022-04-13,false,12,0,false
2022102S29032,2022,SI,ISSA,50,993,-5,false,-31.4,31.1,2022-04-12,2022-04-14,false,3,19,false
2022110S12051,2022,SI,JASMINE,65,985,1,false,-21.2,40.8,2022-04-20,2022-05-02,false,9,0,true
2022114S12100,2022,SI,SIN NOMBRE,40,996,-5,false,-14.2,100.9,2022-04-23,2022-04-26,false,0,509,false
2022116S14102,2022,SI,SIN NOMBRE,35,998,-5,false,-14.1,102.9,2022-04-25,2022-04-29,false,0,571,false
2022126N07095,2022,NI,ASANI,65,976,1,false,11.9,88.6,2022-05-05,2022-05-13,false,7,0,true
2022126S06088,2022,SI,KARIM,60,983,0,false,-11.0,90.5,2022-05-05,2022-05-11,false,0,1231,false
2022137S13171,2022,SP,GINA,35,1002,0,false,-15.2,169.5,2022-05-16,2022-05-22,false,0,72,false
2022140N16097,2022,NI,SIN NOMBRE,25,999,-5,false,16.4,97.4,2022-05-20,2022-05-20,false,3,0,false
2022148N13263,2022,EP,AGATHA,95,964,2,false,14.0,-98.9,2022-05-27,2022-06-01,false,7,0,true
2022154N21273,2022,NA,ALEX,60,984,0,false,31.0,-72.5,2022-06-02,2022-06-06,false,5,0,false
2022165N14258,2022,EP,BLAS,75,978,1,false,15.1,-102.5,2022-06-14,2022-06-22,false,0,281,true
2022167N11269,2022,EP,CELIA,50,997,0,false,16.8,-107.7,2022-06-16,2022-06-30,false,0,60,false
2022179N08310,2022,NA,BONNIE,100,964,3,false,15.1,-103.8,2022-06-27,2022-07-11,false,6,0,true
2022180N15117,2022,WP,CHABA,75,967,1,false,20.6,111.7,2022-06-29,2022-07-04,false,10,0,true
2022180N15130,2022,WP,AERE,45,984,0,false,24.7,130.3,2022-06-29,2022-07-11,false,7,0,false
2022183N32280,2022,NA,COLIN,35,1011,0,false,32.5,-80.4,2022-07-01,2022-07-02,false,5,0,false
2022191N14249,2022,EP,DARBY,120,953,4,true,14.6,-124.3,2022-07-09,2022-07-17,false,0,158,true
2022197N12260,2022,EP,ESTELLE,75,985,1,false,15.3,-106.4,2022-07-15,2022-07-24,false,0,431,true
2022197N22069,2022,NI,SIN NOMBRE,25,992,-5,false,21.9,68.9,2022-07-16,2022-07-17,false,5,24,false
2022207N11262,2022,EP,FRANK,80,976,1,false,15.5,-115.0,2022-07-25,2022-08-04,false,0,536,true
2022208N15143,2022,WP,SONGDA,40,997,-1,false,30.0,130.0,2022-07-28,2022-08-01,false,0,130,false
2022209N16246,2022,EP,GEORGETTE,50,998,0,false,15.4,-121.3,2022-07-27,2022-08-05,false,0,868,false
2022211N20129,2022,WP,TRASES,35,992,0,false,28.6,127.2,2022-07-30,2022-08-01,false,2,0,false
2022215N21118,2022,WP,SIN NOMBRE,25,1001,-1,false,21.6,117.0,2022-08-03,2022-08-04,false,3,0,false
2022219N14255,2022,EP,HOWARD,75,983,1,false,20.9,-114.8,2022-08-06,2022-08-13,false,0,480,true
2022220N16110,2022,WP,MULAN,35,994,-5,false,17.3,113.4,2022-08-09,2022-08-10,false,3,10,false
2022221N21086,2022,NI,SIN NOMBRE,25,990,-5,false,20.8,85.3,2022-08-09,2022-08-09,false,3,0,false
2022221N24149,2022,WP,MEARI,35,994,0,false,28.8,135.6,2022-08-09,2022-08-14,false,2,0,false
2022224N22067,2022,NI,SIN NOMBRE,40,986,0,false,22.1,65.2,2022-08-11,2022-08-14,false,0,128,false
2022225N15253,2022,EP,IVETTE,35,1005,0,false,17.8,-113.5,2022-08-12,2022-08-22,false,0,465,false
2022226N22088,2022,NI,SIN NOMBRE,25,994,-5,false,21.8,87.5,2022-08-14,2022-08-16,false,9,0,false
2022230N18095,2022,NI,SIN NOMBRE,45,990,0,false,21.2,88.9,2022-08-17,2022-08-23,false,18,0,false
2022232N18131,2022,WP,MA-ON,55,988,0,false,17.1,122.8,2022-08-20,2022-08-25,false,6,0,false
2022232N20266,2022,NA,SIN NOMBRE,30,1009,-3,false,20.2,-93.7,2022-08-19,2022-08-21,false,1,10,false
2022233N22151,2022,WP,TOKAGE,95,956,2,false,32.9,148.6,2022-08-21,2022-08-26,false,0,517,true
2022239N22150,2022,WP,HINNAMNOR,140,915,5,true,22.5,125.7,2022-08-27,2022-09-06,false,0,52,true
2022242N20133,2022,WP,SIN NOMBRE,30,995,-1,false,21.0,132.2,2022-08-29,2022-08-31,false,0,837,false
2022244N15254,2022,EP,JAVIER,45,999,0,false,22.5,-112.8,2022-08-31,2022-09-07,false,0,195,false
2022244N38313,2022,NA,DANIELLE,75,972,1,false,38.4,-45.2,2022-08-31,2022-09-15,false,0,96,true
2022246N18301,2022,NA,EARL,95,948,2,false,37.1,-56.8,2022-09-02,2022-09-15,false,0,188,true
2022247N26147,2022,WP,MUIFA,110,946,3,false,22.9,124.4,2022-09-04,2022-09-16,false,8,0,true
2022248N14259,2022,EP,KAY,85,968,2,false,20.6,-112.3,2022-09-04,2022-09-13,false,2,11,true
2022254N20085,2022,NI,SIN NOMBRE,25,998,-5,false,19.5,84.7,2022-09-11,2022-09-12,false,5,0,false
2022254N21158,2022,WP,MERBOK,70,968,1,false,28.3,162.1,2022-09-10,2022-09-15,false,0,1007,true
2022254N24143,2022,WP,NANMADOL,135,916,4,true,25.5,133.8,2022-09-11,2022-09-19,false,6,0,true
2022255N16256,2022,EP,MADELINE,55,991,0,false,20.5,-108.7,2022-09-11,2022-09-25,false,0,214,false
2022257N16312,2022,NA,FIONA,120,931,4,true,23.5,-71.8,2022-09-14,2022-09-27,false,9,0,true
2022259N12265,2022,EP,LESTER,35,1005,0,false,13.1,-95.4,2022-09-15,2022-09-17,false,1,0,false
2022263N18137,2022,WP,TALAS,35,985,0,false,30.8,134.8,2022-09-19,2022-09-23,false,0,101,false
2022263N29314,2022,NA,GASTON,55,994,0,false,36.9,-43.1,2022-09-19,2022-09-27,false,0,1225,false
2022264N17132,2022,WP,NORU,145,914,5,true,15.2,124.7,2022-09-21,2022-09-28,false,6,0,true
2022265N17256,2022,EP,NEWTON,55,997,0,false,17.6,-108.2,2022-09-21,2022-09-29,false,0,178,false
2022266N12294,2022,NA,IAN,140,937,5,true,26.0,-82.7,2022-09-22,2022-10-01,false,10,0,true
2022266N17341,2022,NA,HERMINE,35,1003,0,false,18.1,-20.3,2022-09-23,2022-09-26,false,0,294,false
2022268N20147,2022,WP,KULAP,75,963,1,false,38.7,156.0,2022-09-25,2022-09-29,false,0,576,true
2022270N14136,2022,WP,ROKE,90,967,2,false,26.6,133.1,2022-09-26,2022-10-01,false,0,502,true
2022270N14324,2022,NA,SIN NOMBRE,30,1008,-1,false,14.5,-34.3,2022-09-26,2022-09-29,false,0,1795,false
2022272N14258,2022,EP,ORLENE,115,954,4,true,19.3,-106.9,2022-09-28,2022-10-03,false,2,0,true
2022276N15249,2022,EP,PAINE,40,1005,0,false,17.5,-113.2,2022-10-03,2022-10-07,false,0,673,false
2022278N14331,2022,NA,SIN NOMBRE,30,1007,-1,false,13.6,-29.5,2022-10-04,2022-10-06,false,0,1300,false
2022280N11294,2022,NA,JULIA,75,982,1,false,12.4,-83.3,2022-10-06,2022-10-10,false,8,0,true
2022284N15152,2022,WP,HAITANG,40,987,0,false,21.2,156.7,2022-10-11,2022-10-19,false,0,1720,false
2022285N12116,2022,WP,SONCA,35,999,0,false,15.2,109.1,2022-10-12,2022-10-15,false,2,0,false
2022285N17140,2022,WP,NESAT,90,961,2,false,19.1,115.5,2022-10-12,2022-10-20,false,0,81,true
2022285N19266,2022,NA,KARL,50,997,0,false,22.0,-94.6,2022-10-11,2022-10-15,false,4,15,false
2022292N21132,2022,WP,SIN NOMBRE,30,993,-1,false,20.8,130.3,2022-10-19,2022-10-23,false,0,178,false
2022293N15259,2022,EP,ROSLYN,115,954,4,true,18.5,-106.6,2022-10-20,2022-10-24,false,3,0,true
2022295N13093,2022,NI,SITRANG,45,994,0,false,19.4,89.6,2022-10-21,2022-10-25,false,2,0,false
2022299N11134,2022,WP,NALGAE,75,972,1,false,18.3,116.2,2022-10-26,2022-11-03,false,6,0,true
2022301N07140,2022,WP,BANYAN,40,1001,0,false,7.4,134.0,2022-10-28,2022-11-01,false,0,386,false
2022304N16287,2022,NA,LISA,75,988,1,false,17.3,-87.7,2022-10-30,2022-11-05,false,7,0,true
2022304N34296,2022,NA,MARTIN,75,932,1,false,36.1,-48.9,2022-10-30,2022-11-04,false,0,552,true
2022311N21293,2022,NA,NICOLE,65,980,1,false,26.7,-78.4,2022-11-06,2022-11-11,false,7,0,true
2022316N20167,2022,WP,YAMANEKO,40,991,0,false,22.1,165.9,2022-11-11,2022-11-14,false,0,2648,false
2022324N10086,2022,NI,SIN NOMBRE,25,1003,-5,false,10.0,85.5,2022-11-20,2022-11-22,false,0,121,false
2022338N05100,2022,NI,MANDOUS,55,989,0,false,9.4,84.3,2022-12-04,2022-12-10,false,4,0,false
2022342N06133,2022,WP,PAKHAR,50,993,0,false,19.1,128.2,2022-12-08,2022-12-13,false,1,34,false
2022347N12074,2022,NI,SIN NOMBRE,50,994,0,false,13.3,70.8,2022-12-12,2022-12-19,false,0,97,false
2022356N09085,2022,NI,SIN NOMBRE,25,1004,-5,false,9.5,84.8,2022-12-22,2022-12-25,false,1,24,false
2022208S08092,2023,SI,SIN NOMBRE,45,997,0,false,-12.3,94.6,2022-07-27,2022-08-01,false,0,1003,false
2022268S09088,2023,SI,ASHLEY,50,997,0,false,-13.2,80.9,2022-09-25,2022-09-29,false,0,1427,false
2022276S05090,2023,SI,BALITA,40,997,0,false,-9.6,85.4,2022-10-03,2022-10-13,false,0,1105,false
2022305S04091,2023,SI,SIN NOMBRE,40,994,0,false,-9.1,94.3,2022-11-01,2022-11-07,false,0,645,false
2022346S10098,2023,SI,DARIAN,135,922,4,true,-13.9,90.6,2022-12-12,2023-01-02,false,0,826,true
2022355S10128,2023,SI,ELLIE,45,987,0,false,-13.3,129.7,2022-12-21,2023-01-08,false,68,0,false
2023005S18142,2023,SP,HALE,50,985,0,false,-21.1,156.7,2023-01-04,2023-01-09,false,4,0,false
2023013S08081,2023,SI,CHENESO,80,950,1,false,-19.5,43.1,2023-01-13,2023-02-01,false,19,0,true
2023015N36289,2023,NA,SIN NOMBRE,60,976,-2,false,39.8,-61.6,2023-01-15,2023-01-18,false,4,0,false
2023016S15160,2023,SP,IRENE,55,990,0,false,-19.2,167.8,2023-01-15,2023-01-20,false,0,237,false
2023020S18156,2023,SP,SIN NOMBRE,40,996,0,false,-20.0,160.0,2023-01-19,2023-01-23,false,0,152,false
2023030N08087,2023,NI,SIN NOMBRE,25,1004,-5,false,7.9,86.6,2023-01-30,2023-02-02,false,3,0,false
2023032S12091,2023,SI,DINGANI,85,972,2,false,-19.1,73.6,2023-01-31,2023-02-17,false,0,877,true
2023036S12117,2023,SI,FREDDY,140,923,5,true,-16.6,67.0,2023-02-04,2023-03-14,false,42,0,true
2023036S12163,2023,SP,GABRIELLE,90,958,2,false,-23.3,159.7,2023-02-05,2023-02-12,false,0,141,true
2023050S09094,2023,SI,ENALA,75,982,1,false,-19.7,71.0,2023-02-18,2023-03-03,false,0,966,true
2023054S19117,2023,SI,SIN NOMBRE,40,994,-5,false,-13.9,126.4,2023-02-22,2023-03-10,false,45,0,false
2023055S14184,2023,SP,JUDY,110,941,3,false,-19.3,169.2,2023-02-24,2023-03-05,false,1,46,true
2023059S15149,2023,SP,KEVIN,135,918,4,true,-20.8,171.4,2023-02-27,2023-03-06,false,0,86,true
2023084S11065,2023,SI,SIN NOMBRE,40,997,-5,false,-16.8,63.7,2023-03-25,2023-03-31,false,0,346,false
2023087S10096,2023,SI,HERMAN,130,930,4,true,-17.8,106.8,2023-03-27,2023-04-04,false,0,754,true
2023096S07135,2023,SP,ILSA,135,924,4,true,-19.5,119.1,2023-04-05,2023-04-15,false,7,0,true
2023108N03160,2023,WP,SANVU,45,999,0,false,9.8,156.3,2023-04-18,2023-04-26,false,0,1046,false
2023129N08091,2023,NI,MOCHA,145,908,5,true,18.7,91.7,2023-05-08,2023-05-15,false,4,0,true
2023132S03090,2023,SI,FABIEN,105,961,3,false,-7.8,74.5,2023-05-12,2023-05-26,false,0,951,true
2023138N05151,2023,WP,MAWAR,165,891,5,true,15.1,139.2,2023-05-18,2023-06-03,false,0,305,true
2023152N26274,2023,NA,ARLENE,35,998,0,false,27.3,-86.4,2023-05-31,2023-06-04,false,1,39,false
2023156N10067,2023,NI,BIPARJOY,105,945,3,false,17.2,67.3,2023-06-05,2023-06-19,false,14,0,true
2023156N12135,2023,WP,GUCHOL,95,958,2,false,20.0,130.2,2023-06-04,2023-06-13,false,0,360,true
2023160N20092,2023,NI,SIN NOMBRE,45,982,0,false,20.0,91.5,2023-06-08,2023-06-10,false,1,38,false
2023170N11323,2023,NA,BRET,60,996,0,false,13.5,-55.9,2023-06-19,2023-06-24,false,0,89,false
2023173N10320,2023,NA,CINDY,50,1004,0,false,14.6,-51.2,2023-06-22,2023-06-26,false,0,750,false
2023179N15256,2023,EP,ADRIAN,90,970,2,false,17.0,-111.9,2023-06-27,2023-07-04,false,0,362,true
2023180N13264,2023,EP,BEATRIZ,75,992,1,false,17.5,-102.7,2023-06-29,2023-07-01,false,2,0,true
2023191N10262,2023,EP,CALVIN,110,953,3,false,13.7,-123.9,2023-07-10,2023-07-19,false,0,135,true
2023193N37305,2023,NA,DON,65,986,1,false,39.5,-50.1,2023-07-11,2023-07-25,false,0,498,true
2023194N16123,2023,WP,TALIM,80,964,1,false,20.7,112.1,2023-07-14,2023-07-19,false,9,0,true
2023201N13134,2023,WP,DOKSURI,130,928,4,true,17.6,124.6,2023-07-21,2023-07-29,false,6,0,true
2023202N13240,2023,EP,SIN NOMBRE,30,1006,-1,false,12.8,-119.6,2023-07-20,2023-07-23,false,0,1518,false
2023207N09141,2023,WP,KHANUN,125,924,4,true,25.0,128.7,2023-07-26,2023-08-10,false,4,0,true
2023212N19090,2023,NI,SIN NOMBRE,40,981,0,false,19.9,92.0,2023-07-30,2023-08-03,false,9,0,false
2023213N14257,2023,EP,DORA,130,939,4,true,13.2,224.4,2023-07-31,2023-08-17,false,0,361,true
2023217N15256,2023,EP,EUGENE,60,992,0,false,20.3,-109.4,2023-08-04,2023-08-10,false,0,189,false
2023218N25145,2023,WP,LAN,120,932,4,true,26.8,142.9,2023-08-06,2023-08-17,false,3,0,true
2023225N14248,2023,EP,FERNANDA,115,949,4,true,15.6,-118.0,2023-08-12,2023-08-24,false,0,564,true
2023226N11222,2023,EP,GREG,45,1000,0,false,11.1,-144.0,2023-08-14,2023-08-18,false,0,753,false
2023228N12259,2023,EP,HILARY,120,940,4,true,16.8,-110.4,2023-08-16,2023-08-20,false,2,0,true
2023231N15313,2023,NA,GERT,50,998,0,false,28.6,-53.5,2023-08-19,2023-09-04,false,0,570,false
2023231N15327,2023,NA,EMILY,45,998,0,false,19.4,-38.3,2023-08-18,2023-08-25,false,0,1628,false
2023232N13300,2023,NA,FRANKLIN,130,926,4,true,28.9,-71.1,2023-08-19,2023-09-09,false,3,0,true
2023234N18128,2023,WP,SAOLA,140,917,5,true,19.9,121.9,2023-08-22,2023-09-03,false,9,0,true
2023234N19154,2023,WP,DAMREY,60,979,0,false,38.6,144.6,2023-08-21,2023-08-29,false,0,237,false
2023234N25271,2023,NA,HAROLD,50,996,0,false,26.8,-96.4,2023-08-21,2023-08-23,false,4,0,false
2023239N16242,2023,EP,IRWIN,40,998,0,false,19.1,-125.0,2023-08-26,2023-09-03,false,0,1171,false
2023239N18144,2023,WP,HAIKUI,105,945,3,false,22.9,121.5,2023-08-27,2023-09-05,false,7,0,true
2023239N21274,2023,NA,IDALIA,105,945,3,false,28.3,-84.5,2023-08-26,2023-09-08,false,7,0,true
2023241N10158,2023,WP,KIROGI,70,981,1,false,16.7,154.2,2023-08-29,2023-09-07,false,0,72,true
2023241N28308,2023,NA,JOSE,55,996,0,false,31.6,-52.5,2023-08-29,2023-09-01,false,0,1060,false
2023242N15339,2023,NA,KATIA,50,998,0,false,24.5,-30.1,2023-08-30,2023-09-15,false,0,409,false
2023247N20130,2023,WP,YUN-YEUNG,45,988,0,false,31.9,137.1,2023-09-04,2023-09-09,false,3,0,false
2023248N12257,2023,EP,JOVA,140,926,5,true,15.3,-112.4,2023-09-04,2023-09-14,false,0,599,true
2023249N12320,2023,NA,LEE,145,926,5,true,17.5,-53.0,2023-09-05,2023-09-18,false,4,0,true
2023251N16334,2023,NA,MARGOT,80,969,1,false,33.0,-39.9,2023-09-07,2023-09-18,false,0,917,true
2023258N14318,2023,NA,NIGEL,85,958,2,false,31.1,-54.7,2023-09-15,2023-09-26,false,0,213,true
2023259N15225,2023,EP,SIN NOMBRE,30,1006,-1,false,15.0,-135.8,2023-09-15,2023-09-18,false,0,1131,false
2023261N13248,2023,EP,KENNETH,45,1000,0,false,15.6,-123.1,2023-09-18,2023-09-24,false,0,996,false
2023265N29284,2023,NA,OPHELIA,60,981,0,false,32.7,-76.1,2023-09-21,2023-09-24,false,6,0,false
2023266N16116,2023,WP,SIN NOMBRE,30,995,-1,false,15.8,109.4,2023-09-23,2023-09-26,false,5,0,false
2023266N16323,2023,NA,PHILIPPE,50,998,0,false,17.1,-43.8,2023-09-23,2023-10-06,false,0,130,false
2023267N14242,2023,EP,SIN NOMBRE,30,1006,-1,false,14.0,-119.7,2023-09-23,2023-09-27,false,0,1373,false
2023271N14144,2023,WP,KOINU,120,936,4,true,19.9,126.2,2023-09-27,2023-10-10,false,4,0,true
2023271N16316,2023,NA,RINA,45,999,0,false,18.6,-46.4,2023-09-28,2023-10-02,false,0,1344,false
2023273N16073,2023,NI,SIN NOMBRE,25,1002,-5,false,16.4,73.1,2023-09-30,2023-10-01,false,4,0,false
2023276N11254,2023,EP,LIDIA,120,942,4,true,20.1,-105.5,2023-10-03,2023-10-11,false,3,0,true
2023279N08157,2023,WP,BOLAVEN,165,897,5,true,19.7,142.8,2023-10-06,2023-10-14,false,0,1161,true
2023281N14260,2023,EP,MAX,60,990,0,false,17.3,-101.1,2023-10-08,2023-10-10,false,3,0,false
2023284N10330,2023,NA,SEAN,40,1005,0,false,13.3,-37.8,2023-10-10,2023-10-16,false,0,1280,false
2023289N15111,2023,WP,SANBA,45,996,0,false,21.0,109.2,2023-10-15,2023-10-21,false,10,0,false
2023290N12256,2023,EP,NORMA,115,939,4,true,16.9,-107.7,2023-10-17,2023-10-23,false,4,0,true
2023292N11063,2023,NI,TEJ,105,958,3,false,11.4,56.6,2023-10-19,2023-10-24,false,4,0,true
2023292N13309,2023,NA,TAMMY,95,965,2,false,26.1,-59.4,2023-10-18,2023-10-31,false,0,257,true
2023293N12089,2023,NI,HAMOON,90,970,2,false,21.0,91.2,2023-10-20,2023-10-25,false,2,0,true
2023294N09264,2023,EP,OTIS,145,924,5,true,16.7,-99.8,2023-10-21,2023-10-25,false,4,0,true
2023297N11277,2023,NA,SIN NOMBRE,25,1007,-1,false,11.4,-82.6,2023-10-23,2023-10-24,false,4,0,false
2023302N10267,2023,EP,PILAR,55,995,0,false,11.7,-89.4,2023-10-28,2023-11-07,false,0,127,false
2023314N05149,2023,WP,SIN NOMBRE,25,996,-1,false,6.3,144.9,2023-11-09,2023-11-15,false,0,806,false
2023317N10094,2023,NI,MIDHILI,40,995,0,false,21.4,89.7,2023-11-13,2023-11-18,false,4,0,false
2023321N15278,2023,NA,SIN NOMBRE,30,1004,-3,false,15.0,-81.7,2023-11-16,2023-11-18,false,1,24,false
2023326N10240,2023,EP,RAMON,40,1002,0,false,15.0,-122.9,2023-11-21,2023-11-27,false,0,1557,false
2023334N08088,2023,NI,MICHAUNG,65,985,1,false,14.4,80.3,2023-11-30,2023-12-06,false,8,0,true
2023349N04141,2023,WP,JELAWAT,30,1000,-1,false,7.2,127.6,2023-12-14,2023-12-18,false,3,0,false
2023292S03172,2024,SP,LOLA,125,937,4,true,-14.5,169.0,2023-10-19,2023-10-26,false,2,0,true
2023316S08168,2024,SP,MAL,75,975,1,false,-18.7,176.6,2023-11-12,2023-11-16,false,0,99,true
2023337S08165,2024,SP,JASPER,120,937,4,true,-14.2,156.6,2023-12-02,2023-12-17,false,21,0,true
2023364S19035,2024,SI,ALVARO,65,986,1,false,-21.5,42.7,2023-12-29,2024-01-06,false,7,0,true
2024012S09093,2024,SI,ANGGREK,115,948,4,true,-21.7,73.1,2024-01-11,2024-01-31,false,0,1005,true
2024012S12059,2024,SI,BELAL,90,969,2,false,-20.1,53.8,2024-01-11,2024-01-23,false,2,33,true
2024017S15151,2024,SP,KIRRILY,55,985,0,false,-18.7,147.8,2024-01-17,2024-02-05,false,44,0,false
2024022S16058,2024,SI,CANDICE,50,984,0,false,-26.2,61.8,2024-01-22,2024-01-28,false,3,22,false
2024029S15063,2024,SI,SIN NOMBRE,35,994,0,false,-19.2,65.2,2024-01-28,2024-02-02,false,0,718,false
2024031S24154,2024,SP,SIN NOMBRE,40,995,0,false,-15.9,163.9,2024-01-31,2024-02-13,false,0,56,false
2024035S16188,2024,SP,NAT,55,989,0,false,-17.0,-156.8,2024-02-03,2024-02-09,false,0,194,false
2024037S09184,2024,SP,OSAI,50,992,0,false,-16.6,-165.7,2024-02-06,2024-02-09,false,0,184,false
2024044S14066,2024,SI,DJOUNGOU,135,934,4,true,-19.8,78.6,2024-02-13,2024-02-20,false,0,877,true
2024044S15134,2024,SI,LINCOLN,45,991,0,false,-15.6,137.6,2024-02-13,2024-02-25,false,28,0,false
2024045S15192,2024,SP,SIN NOMBRE,55,988,0,false,-22.3,-157.2,2024-02-14,2024-02-17,false,0,522,false
2024049S17052,2024,SI,ELEANOR,60,990,0,false,-20.1,58.6,2024-02-17,2024-02-26,false,1,0,false
2024061S11062,2024,SI,FILIPO,65,984,0,false,-36.3,49.1,2024-03-01,2024-03-15,false,6,0,true
2024067S10090,2024,SI,NEVILLE,115,952,4,true,-17.8,102.7,2024-03-07,2024-03-25,false,0,360,true
2024073S14128,2024,SI,MEGAN,90,960,2,false,-15.3,137.2,2024-03-12,2024-03-21,false,22,0,true
2024082S08054,2024,SI,GAMANE,85,971,2,false,-12.9,50.0,2024-03-21,2024-04-01,false,10,0,true
2024096S11120,2024,SI,OLGA,115,944,4,true,-15.4,119.2,2024-04-04,2024-04-11,false,4,20,true
2024100S11152,2024,SP,PAUL,50,993,0,false,-14.6,155.6,2024-04-09,2024-04-12,false,0,186,false
2024121S07047,2024,SI,HIDAYA,80,977,1,false,-8.5,42.4,2024-04-29,2024-05-04,false,1,0,true
2024134S07055,2024,SI,IALY,65,983,1,false,-4.9,42.5,2024-05-12,2024-05-22,false,0,78,true
2024139S02072,2024,SI,SIN NOMBRE,40,995,0,false,-2.6,73.9,2024-05-17,2024-05-21,false,0,1033,false
2024141N03142,2024,WP,EWINIAR,85,962,2,false,15.5,122.5,2024-05-20,2024-05-31,false,7,0,true
2024145N14087,2024,NI,REMAL,55,979,0,false,21.2,89.1,2024-05-23,2024-05-28,false,8,0,false
2024151N18113,2024,WP,MALIKSI,30,990,-1,false,19.6,112.4,2024-05-30,2024-06-01,false,3,0,false
2024170N20267,2024,NA,ALBERTO,45,992,0,false,21.5,-95.5,2024-06-17,2024-06-20,false,1,0,false
2024181N09320,2024,NA,BERYL,145,934,5,true,14.3,-65.9,2024-06-28,2024-07-11,false,18,0,true
2024183N20265,2024,NA,CHRIS,35,1006,0,false,19.9,-96.0,2024-06-30,2024-07-01,false,2,0,false
2024186N15256,2024,EP,ALETTA,35,1005,0,false,17.1,-105.6,2024-07-03,2024-07-06,false,0,249,false
2024195N13114,2024,WP,SIN NOMBRE,25,997,-1,false,14.9,111.1,2024-07-13,2024-07-15,false,2,0,false
2024198N08130,2024,WP,PRAPIROON,60,981,0,false,20.4,108.2,2024-07-15,2024-07-23,false,10,0,false
2024201N12133,2024,WP,GAEMI,125,919,4,true,24.2,122.5,2024-07-19,2024-07-26,false,8,0,true
2024201N19086,2024,NI,SIN NOMBRE,25,990,-5,false,19.2,86.0,2024-07-19,2024-07-20,false,4,0,false
2024207N16250,2024,EP,BUD,50,1001,0,false,17.8,-114.0,2024-07-24,2024-07-28,false,0,668,false
2024213N14254,2024,EP,CARLOTTA,80,979,1,false,18.7,-117.2,2024-07-31,2024-08-08,false,0,482,true
2024216N12231,2024,EP,DANIEL,35,1005,0,false,12.4,-129.6,2024-08-03,2024-08-05,false,0,1829,false
2024216N20284,2024,NA,DEBBY,70,980,1,false,28.3,-84.1,2024-08-02,2024-08-10,false,25,0,true
2024216N24085,2024,NI,SIN NOMBRE,30,988,-5,false,24.5,84.2,2024-08-02,2024-08-05,false,14,0,false
2024218N14254,2024,EP,FABIO,55,996,0,false,16.5,-110.0,2024-08-05,2024-08-08,false,0,515,false
2024218N16247,2024,EP,EMILIA,60,988,0,false,16.2,-115.7,2024-08-04,2024-08-10,false,0,839,false
2024218N23143,2024,WP,MARIA,70,973,1,false,28.8,145.4,2024-08-05,2024-08-13,false,3,0,true
2024224N27154,2024,WP,SON-TINH,40,983,0,false,30.2,154.3,2024-08-10,2024-08-14,false,0,120,false
2024225N14313,2024,NA,ERNESTO,85,967,2,false,26.6,-68.3,2024-08-11,2024-08-20,false,0,67,true
2024225N22135,2024,WP,AMPIL,110,939,3,false,33.5,140.7,2024-08-11,2024-08-18,false,0,126,true
2024225N24147,2024,WP,WUKONG,30,984,-1,false,27.2,149.9,2024-08-12,2024-08-15,false,0,486,false
2024231N14251,2024,EP,GILMA,115,950,4,true,17.7,-131.4,2024-08-18,2024-08-29,false,0,392,true
2024231N24126,2024,WP,JONGDARI,35,983,0,false,25.1,126.0,2024-08-18,2024-08-21,false,2,0,false
2024233N15148,2024,WP,SHANSHAN,115,935,4,true,28.7,130.3,2024-08-20,2024-09-01,false,14,0,true
2024235N16223,2024,EP,HONE,75,988,1,false,18.2,-155.7,2024-08-22,2024-09-01,false,0,78,true
2024236N14248,2024,EP,HECTOR,50,998,0,false,16.9,-126.2,2024-08-22,2024-08-29,false,0,948,false
2024238N25077,2024,NI,ASNA,40,987,0,false,23.3,68.5,2024-08-25,2024-09-03,false,22,0,false
2024244N09137,2024,WP,YAGI,145,907,5,true,19.2,113.0,2024-08-30,2024-09-08,false,13,0,true
2024244N18085,2024,NI,SIN NOMBRE,25,996,-5,false,17.5,84.6,2024-08-31,2024-09-02,false,9,0,false
2024246N22147,2024,WP,LEEPI,40,977,0,false,34.9,146.9,2024-09-02,2024-09-07,false,0,506,false
2024252N18087,2024,NI,SIN NOMBRE,30,991,-5,false,18.9,86.3,2024-09-08,2024-09-10,false,5,0,false
2024253N11148,2024,WP,BEBINCA,80,959,1,false,30.1,126.1,2024-09-08,2024-09-17,false,6,0,true
2024253N21266,2024,NA,FRANCINE,85,974,2,false,28.6,-92.1,2024-09-08,2024-09-14,false,9,0,true
2024255N24080,2024,NI,SIN NOMBRE,25,994,-5,false,25.0,79.6,2024-09-11,2024-09-13,false,8,0,false
2024256N16332,2024,NA,GORDON,40,1004,0,false,19.9,-39.8,2024-09-11,2024-09-17,false,0,1121,false
2024256N18254,2024,EP,ILEANA,45,997,0,false,25.2,-108.9,2024-09-11,2024-09-17,false,8,0,false
2024258N22091,2024,NI,SIN NOMBRE,30,989,-5,false,22.5,89.6,2024-09-13,2024-09-17,false,18,0,false
2024259N12145,2024,WP,PULASAN,55,979,0,false,21.5,134.6,2024-09-15,2024-09-21,false,6,0,false
2024259N17126,2024,WP,SOULIK,35,989,0,false,16.9,107.2,2024-09-18,2024-09-19,false,3,0,false
2024259N31284,2024,NA,SIN NOMBRE,50,1004,-4,false,32.8,-78.2,2024-09-15,2024-09-17,false,2,0,false
2024264N20128,2024,WP,SIN NOMBRE,30,983,-1,false,21.2,127.6,2024-09-19,2024-09-22,false,0,53,false
2024267N14261,2024,EP,JOHN,100,960,3,false,15.9,-98.6,2024-09-22,2024-09-27,false,8,0,true
2024267N29129,2024,WP,CIMARON,35,985,0,false,28.3,134.7,2024-09-24,2024-09-27,false,0,267,false
2024268N17278,2024,NA,HELENE,120,941,4,true,28.7,-84.3,2024-09-23,2024-09-28,false,7,0,true
2024269N14150,2024,WP,JEBI,70,969,1,false,37.0,143.3,2024-09-24,2024-10-02,false,0,154,true
2024269N39302,2024,NA,ISAAC,90,963,2,false,38.8,-42.3,2024-09-24,2024-10-03,false,0,714,true
2024270N24128,2024,WP,KRATHON,135,922,4,true,20.6,120.0,2024-09-26,2024-10-03,false,4,0,true
2024271N17319,2024,NA,JOYCE,45,1001,0,false,18.2,-43.4,2024-09-27,2024-09-30,false,0,1728,false
2024274N14328,2024,NA,KIRK,130,928,4,true,21.2,-47.1,2024-09-29,2024-10-10,false,3,0,true
2024275N10336,2024,NA,LESLIE,90,970,2,false,22.3,-49.0,2024-10-01,2024-10-12,false,0,865,true
2024275N14264,2024,EP,SIN NOMBRE,35,1001,0,false,15.2,-95.5,2024-09-30,2024-10-03,false,0,81,false
2024278N11150,2024,WP,BARIJAT,45,985,0,false,21.9,146.6,2024-10-04,2024-10-10,false,0,773,false
2024279N21265,2024,NA,MILTON,150,902,5,true,21.7,-91.3,2024-10-04,2024-10-11,false,3,0,true
2024288N16065,2024,NI,SIN NOMBRE,25,1001,-5,false,16.0,64.0,2024-10-13,2024-10-15,false,0,131,false
2024290N11084,2024,NI,SIN NOMBRE,25,1000,-5,false,12.5,82.7,2024-10-15,2024-10-16,false,0,54,false
2024293N13141,2024,WP,TRAMI,65,984,1,false,17.0,113.3,2024-10-20,2024-10-28,false,9,0,true
2024293N17275,2024,NA,NADINE,45,1003,0,false,17.4,-87.5,2024-10-18,2024-10-20,false,3,0,false
2024293N21294,2024,NA,OSCAR,75,984,1,false,21.5,-71.7,2024-10-19,2024-10-22,false,7,0,true
2024295N15092,2024,NI,DANA,65,985,1,false,19.3,87.8,2024-10-21,2024-10-26,false,6,0,true
2024296N13260,2024,EP,KRISTY,140,926,5,true,14.1,-121.0,2024-10-21,2024-10-29,false,0,347,true
2024298N13150,2024,WP,KONG-REY,140,915,5,true,19.1,124.9,2024-10-24,2024-11-01,false,4,0,true
2024306N39319,2024,NA,PATTY,55,977,0,false,39.2,-41.0,2024-10-31,2024-11-04,false,0,849,false
2024307N06143,2024,WP,YINXING,130,931,4,true,18.5,122.4,2024-11-02,2024-11-12,false,6,0,true
2024307N11232,2024,EP,LANE,40,1004,0,false,11.2,-129.7,2024-11-01,2024-11-03,false,0,2232,false
2024307N11250,2024,EP,SIN NOMBRE,30,1006,-1,false,11.3,-109.9,2024-11-02,2024-11-07,false,0,553,false
2024309N13283,2024,NA,RAFAEL,105,954,3,false,24.4,-87.6,2024-11-03,2024-11-10,false,2,22,true
2024312N14145,2024,WP,TORAJI,80,976,1,false,15.5,124.4,2024-11-07,2024-11-15,false,3,0,true
2024313N10169,2024,WP,MAN-YI,140,924,5,true,12.6,126.7,2024-11-08,2024-11-19,false,4,0,true
2024314N07151,2024,WP,USAGI,130,934,4,true,16.6,124.0,2024-11-09,2024-11-16,false,5,0,true
2024319N16282,2024,NA,SARA,45,997,0,false,16.1,-85.6,2024-11-13,2024-11-18,false,10,0,false
2024329N04089,2024,NI,FENGAL,45,991,0,false,12.4,81.3,2024-11-23,2024-12-04,false,11,0,false
2024356N14084,2024,NI,SIN NOMBRE,25,1002,-5,false,13.9,83.7,2024-12-20,2024-12-21,false,0,337,false
2024357N10115,2024,WP,PABUK,30,994,-1,false,11.2,113.0,2024-12-22,2024-12-25,false,0,204,false
2024274S09075,2025,SI,ANCHA,51,954,0,false,-11.4,74.5,2024-09-29,2024-10-07,true,0,761,false
2024313S06092,2025,SI,BHEKI,115,947,4,true,-16.8,69.9,2024-11-09,2024-11-25,true,0,55,true
2024328S09096,2025,SI,ROBYN,51,988,0,false,-16.3,91.2,2024-11-23,2024-12-01,true,0,869,false
2024341S12086,2025,SI,CHIDO,134,929,4,true,-10.6,54.5,2024-12-05,2024-12-17,true,10,0,true
2024359S13097,2025,SI,SIN NOMBRE,35,999,0,false,-11.7,94.7,2024-12-24,2024-12-31,true,0,1124,false
2024364S13117,2025,SI,DIKELEDI,99,950,3,false,-27.4,43.3,2025-01-05,2025-01-20,true,6,0,true
2024364S17177,2025,SP,SIN NOMBRE,51,997,0,false,-17.3,176.9,2024-12-29,2024-12-30,true,1,10,false
2025008S13107,2025,SI,SIN NOMBRE,40,1000,-5,false,-16.9,103.2,2025-01-08,2025-01-13,false,0,610,false
2025010S17185,2025,SP,PITA,39,993,0,false,-20.0,-166.5,2025-01-10,2025-01-12,true,0,444,false
2025017S18122,2025,SI,SEAN,115,936,4,true,-22.6,110.8,2025-01-17,2025-01-23,true,2,0,true
2025024S11082,2025,SI,FAIDA,45,996,0,false,-18.2,51.7,2025-01-23,2025-02-05,true,3,10,false
2025029S25043,2025,SI,ELVIS,50,965,0,false,-47.9,68.5,2025-01-28,2025-02-03,true,0,69,false
2025031S15106,2025,SI,VINCE,134,924,4,true,-19.7,80.7,2025-01-31,2025-02-13,true,0,778,true
2025032S14120,2025,SI,TALIAH,84,967,2,false,-15.5,111.1,2025-01-31,2025-02-21,true,0,362,true
2025034S19166,2025,SP,SIN NOMBRE,45,993,0,false,-20.7,167.8,2025-02-02,2025-02-05,true,0,167,false
2025039S14125,2025,SI,ZELIA,128,923,4,true,-19.3,118.2,2025-02-08,2025-02-14,true,4,0,true
2025042S22164,2025,SP,SIN NOMBRE,39,997,0,false,-22.3,163.5,2025-02-11,2025-02-13,true,0,134,false
2025050S12125,2025,SI,BIANCA,99,958,3,false,-21.1,102.5,2025-02-19,2025-02-27,true,0,229,true
2025052S14148,2025,SP,ALFRED,115,943,4,true,-17.9,155.7,2025-02-21,2025-03-08,true,6,0,true
2025052S23038,2025,SI,HONDE,70,967,1,false,-24.9,41.4,2025-02-21,2025-03-07,true,0,98,true
2025054S13182,2025,SP,RAE,89,961,2,false,-21.5,-178.7,2025-02-22,2025-02-25,true,0,119,true
2025054S17051,2025,SI,GARANCE,105,953,3,false,-17.9,55.0,2025-02-23,2025-03-04,true,1,0,true
2025056S16171,2025,SP,SERU,64,980,1,false,-17.8,171.2,2025-02-24,2025-02-28,true,0,309,true
2025064S05095,2025,SI,IVONE,51,989,0,false,-17.3,83.1,2025-03-06,2025-03-15,true,0,899,false
2025064S12067,2025,SI,JUDE,80,975,1,false,-14.9,41.3,2025-03-04,2025-03-18,true,18,0,true
2025076S13107,2025,SI,SIN NOMBRE,45,995,0,false,-13.2,96.4,2025-03-17,2025-03-25,true,0,570,false
2025082S13116,2025,SI,COURTNEY,128,932,4,true,-18.7,90.1,2025-03-22,2025-04-03,true,0,404,true
2025086S14121,2025,SI,DIANNE,45,991,0,false,-16.3,123.8,2025-03-26,2025-03-30,true,7,0,false
2025100S09132,2025,SI,ERROL,138,919,5,true,-14.4,118.9,2025-04-09,2025-04-18,true,3,0,true
2025104S15168,2025,SP,TAM,51,984,0,false,-23.2,171.5,2025-04-14,2025-04-16,true,0,53,false
2025106S10135,2025,SP,SIN NOMBRE,35,998,0,false,-11.0,138.9,2025-04-16,2025-04-23,true,1,21,false
2025107S30034,2025,SI,KANTO,55,994,-5,false,-30.5,35.5,2025-04-16,2025-04-22,false,0,204,false
2025129S08138,2025,SP,SIN NOMBRE,35,1002,0,false,-8.7,138.2,2025-05-09,2025-05-12,true,7,0,false
2025144N17073,2025,NI,SIN NOMBRE,25,998,-5,false,17.0,73.0,2025-05-24,2025-05-24,false,4,0,false
2025149N12256,2025,EP,ALVIN,50,999,0,false,14.6,-106.9,2025-05-28,2025-06-01,false,0,69,false
2025149N21088,2025,NI,SIN NOMBRE,30,986,-5,false,22.0,88.4,2025-05-29,2025-05-30,false,5,0,false
2025159N12250,2025,EP,COSME,60,991,0,false,14.7,-113.6,2025-06-08,2025-06-11,false,0,777,false
2025159N15258,2025,EP,BARBARA,65,991,1,false,16.7,-105.3,2025-06-08,2025-06-11,false,0,168,true
2025161N15114,2025,WP,WUTIP,64,979,1,false,20.3,109.0,2025-06-10,2025-06-14,true,6,0,true
2025164N11260,2025,EP,DALILA,55,992,0,false,16.8,-104.5,2025-06-12,2025-06-17,false,0,198,false
2025168N11269,2025,EP,ERICK,120,944,4,true,15.5,-97.5,2025-06-16,2025-06-20,false,3,0,true
2025172N21147,2025,WP,SEPAT,39,1000,0,false,27.0,143.1,2025-06-22,2025-06-26,true,1,46,false
2025173N30302,2025,NA,ANDREA,35,1014,0,false,33.2,-55.2,2025-06-22,2025-06-25,false,0,1078,false
2025175N16117,2025,WP,SIN NOMBRE,25,1002,-1,false,18.0,113.1,2025-06-25,2025-06-26,true,4,0,false
2025180N13261,2025,EP,FLOSSIE,100,962,3,false,18.0,-107.1,2025-06-29,2025-07-05,false,0,210,true
2025180N19266,2025,NA,BARRY,40,1006,0,false,20.9,-96.7,2025-06-28,2025-06-30,false,3,0,false
2025182N22149,2025,WP,MUN,60,982,0,false,28.3,145.4,2025-07-01,2025-07-08,true,0,536,false
2025184N20122,2025,WP,DANAS,89,958,2,false,22.9,119.6,2025-07-04,2025-07-08,true,3,0,true
2025185N30280,2025,NA,CHANTAL,50,1002,0,false,33.3,-78.9,2025-07-04,2025-07-07,false,7,0,false
2025191N19142,2025,WP,NARI,51,983,0,false,32.2,142.5,2025-07-11,2025-07-14,true,1,0,false
2025193N30123,2025,WP,SIN NOMBRE,29,992,-1,false,30.9,123.6,2025-07-12,2025-07-14,true,1,0,false
2025195N23089,2025,NI,SIN NOMBRE,20,996,-5,false,23.0,88.8,2025-07-14,2025-07-15,false,4,0,false
2025196N27075,2025,NI,SIN NOMBRE,20,993,-5,false,27.7,75.0,2025-07-15,2025-07-15,false,3,0,false
2025196N33141,2025,WP,SIN NOMBRE,39,1002,0,false,32.7,140.7,2025-07-15,2025-07-15,true,2,0,false
2025197N14131,2025,WP,WIPHA,64,970,1,false,21.6,114.7,2025-07-18,2025-07-22,true,9,0,true
2025198N25082,2025,NI,SIN NOMBRE,25,993,-5,false,25.2,81.8,2025-07-17,2025-07-19,false,12,0,false
2025203N18133,2025,WP,FRANCISCO,39,987,0,false,21.9,129.9,2025-07-22,2025-07-27,true,1,19,false
2025203N20124,2025,WP,CO-MAY,70,974,1,false,16.3,118.5,2025-07-23,2025-08-01,true,14,0,true
2025205N13145,2025,WP,KROSA,80,962,1,false,24.3,145.4,2025-07-23,2025-08-04,true,0,91,true
2025206N21090,2025,NI,SIN NOMBRE,25,988,-5,false,21.4,89.5,2025-07-25,2025-07-26,false,8,0,false
2025207N11219,2025,EP,IONA,115,956,4,true,10.8,-153.7,2025-07-26,2025-08-01,false,0,887,true
2025209N12220,2025,EP,KELI,45,1003,0,false,12.3,-146.1,2025-07-27,2025-07-30,false,0,602,false
2025212N13247,2025,EP,GIL,65,991,1,false,16.2,-124.3,2025-07-31,2025-08-05,false,0,1174,true
2025212N26130,2025,WP,BAILU,35,982,0,false,31.1,140.3,2025-08-02,2025-08-06,true,0,266,false
2025215N33284,2025,NA,DEXTER,70,988,0,false,43.6,-45.0,2025-08-02,2025-08-13,false,0,186,true
2025216N13243,2025,EP,HENRIETTE,75,986,1,false,28.3,-155.8,2025-08-04,2025-08-14,false,0,645,true
2025216N28163,2025,WP,SIN NOMBRE,25,1007,-1,false,28.0,163.0,2025-08-04,2025-08-05,true,0,1923,false
2025218N19149,2025,WP,PODUL,89,966,2,false,22.0,122.0,2025-08-07,2025-08-13,true,2,0,true
2025218N27159,2025,WP,SIN NOMBRE,25,990,-1,false,28.7,157.2,2025-08-06,2025-08-07,true,0,1470,false
2025219N13264,2025,EP,IVO,55,998,0,false,20.3,-110.7,2025-08-06,2025-08-12,false,0,102,false
2025223N17337,2025,NA,ERIN,140,913,5,true,19.8,-63.4,2025-08-11,2025-08-27,false,0,207,true
2025229N17111,2025,WP,SIN NOMBRE,29,1000,-1,false,20.1,107.5,2025-08-18,2025-08-18,true,1,15,false
2025229N22127,2025,WP,LINGLING,45,992,0,false,31.7,130.0,2025-08-19,2025-08-22,true,6,0,false
2025231N19085,2025,NI,SIN NOMBRE,20,996,-5,false,18.9,85.0,2025-08-18,2025-08-19,false,4,0,false
2025233N15126,2025,WP,KAJIKI,93,964,2,false,17.9,109.3,2025-08-22,2025-08-26,true,5,0,true
2025236N27298,2025,NA,FERNAND,50,999,0,false,33.8,-58.4,2025-08-23,2025-08-28,false,0,934,false
2025237N16251,2025,EP,JULIETTE,60,994,0,false,18.2,-115.6,2025-08-24,2025-08-30,false,0,613,false
2025240N15117,2025,WP,NONGFA,39,993,0,false,17.7,108.0,2025-08-28,2025-08-30,true,2,0,false
2025243N14239,2025,EP,KIKO,125,945,4,true,13.8,-131.9,2025-08-31,2025-09-11,false,0,133,true
2025245N17255,2025,EP,LORENA,75,981,1,false,22.5,-112.1,2025-09-02,2025-09-07,false,0,158,true
2025245N19129,2025,WP,PEIPAH,51,990,0,false,35.6,143.1,2025-09-03,2025-09-05,true,5,0,false
2025248N18120,2025,WP,TAPAH,64,984,1,false,21.7,112.7,2025-09-06,2025-09-08,true,2,0,true
2025250N25073,2025,NI,SIN NOMBRE,30,995,-5,false,24.3,71.4,2025-09-06,2025-09-10,false,16,0,false
2025254N14262,2025,EP,MARIO,55,994,0,false,19.9,-112.8,2025-09-11,2025-09-18,false,2,46,false
2025259N13126,2025,WP,MITAG,45,994,0,false,16.0,122.3,2025-09-16,2025-09-19,true,6,0,false
2025260N13138,2025,WP,RAGASA,144,910,5,true,18.9,125.4,2025-09-18,2025-09-25,true,4,0,true
2025261N19312,2025,NA,GABRIELLE,120,944,4,true,32.1,-61.4,2025-09-17,2025-09-28,false,3,0,true
2025261N23166,2025,WP,NEOGURI,124,936,4,true,27.2,152.7,2025-09-18,2025-09-29,true,0,1155,true
2025265N14261,2025,EP,NARDA,90,970,2,false,15.2,-109.9,2025-09-21,2025-10-01,false,0,184,true
2025266N11137,2025,WP,BUALOI,80,970,1,false,18.1,106.1,2025-09-23,2025-09-29,true,6,0,true
2025268N19306,2025,NA,HUMBERTO,140,918,5,true,22.7,-60.7,2025-09-24,2025-10-01,false,0,571,true
2025270N19086,2025,NI,SIN NOMBRE,25,998,-5,false,19.3,86.1,2025-09-26,2025-09-28,false,6,0,false
2025270N21285,2025,NA,IMELDA,80,966,1,false,30.7,-71.4,2025-09-26,2025-10-06,false,2,33,true
2025273N09248,2025,EP,OCTAVE,80,980,1,false,16.2,-123.1,2025-09-29,2025-10-09,false,0,485,true
2025274N14133,2025,WP,MATMO,89,966,2,false,20.2,111.6,2025-10-01,2025-10-06,true,6,0,true
2025274N16087,2025,NI,SIN NOMBRE,35,994,0,false,15.9,86.5,2025-10-01,2025-10-03,true,4,0,false
2025275N22068,2025,NI,SHAKHTI,74,976,1,false,21.2,62.6,2025-10-01,2025-10-07,true,0,70,true
2025276N20147,2025,WP,HALONG,119,935,4,true,28.8,136.9,2025-10-04,2025-10-10,true,0,238,true
2025278N15254,2025,EP,PRISCILLA,100,954,3,false,19.7,-110.5,2025-10-04,2025-10-12,false,0,59,true
2025280N11319,2025,NA,JERRY,55,1000,0,false,13.6,-51.9,2025-10-07,2025-10-11,false,0,300,false
2025280N13147,2025,WP,NAKRI,74,974,1,false,33.1,140.3,2025-10-08,2025-10-14,true,0,204,true
2025281N38324,2025,NA,KAREN,50,996,-2,false,41.2,-36.7,2025-10-08,2025-10-11,false,0,1200,false
2025282N16261,2025,EP,RAYMOND,50,998,0,false,17.0,-102.9,2025-10-09,2025-10-12,false,3,0,false
2025286N14320,2025,NA,LORENZO,50,1000,0,false,15.8,-42.4,2025-10-13,2025-10-15,false,0,1608,false
2025289N13140,2025,WP,FENGSHEN,51,988,0,false,17.4,111.6,2025-10-17,2025-10-23,true,5,0,false
2025294N14290,2025,NA,MELISSA,165,892,5,true,17.5,-78.1,2025-10-21,2025-11-01,false,4,0,true
2025295N09068,2025,NI,SIN NOMBRE,25,1000,-5,false,16.1,66.8,2025-10-22,2025-10-31,false,0,191,false
2025297N13247,2025,EP,SONIA,45,1001,0,false,13.4,-117.9,2025-10-24,2025-10-29,false,0,1136,false
2025298N11089,2025,NI,MONTHA,45,995,0,false,13.3,84.0,2025-10-25,2025-10-29,true,5,0,false
2025305N08140,2025,WP,KALMAEGI,115,948,4,true,13.1,112.2,2025-11-01,2025-11-06,true,7,0,true
2025308N09144,2025,WP,FUNG-WONG,115,943,4,true,14.8,123.3,2025-11-04,2025-11-13,true,4,0,true
2025328N07132,2025,WP,KOTO,80,975,1,false,13.2,114.1,2025-11-24,2025-12-03,true,2,10,true
2025329N05100,2025,NI,SENYAR,45,996,0,false,4.9,98.4,2025-11-25,2025-11-30,true,10,0,false
2025331N06083,2025,NI,DITWAH,35,1001,0,false,6.4,81.9,2025-11-26,2025-12-02,true,12,0,false
2025198S10090,2026,SI,SIN NOMBRE,35,1002,0,false,-9.8,89.8,2025-07-16,2025-07-19,true,0,1355,false
2025219S07062,2026,SI,AWO,35,1001,0,false,-7.3,61.9,2025-08-07,2025-08-08,true,0,1300,false
2025252S09069,2026,SI,BLOSSOM,35,1004,0,false,-9.1,69.3,2025-09-09,2025-09-13,true,0,1279,false
2025291S08074,2026,SI,CHENGE,60,978,0,false,-9.1,67.0,2025-10-18,2025-10-25,true,0,452,false
2025322S10131,2026,SI,FINA,109,946,3,false,-14.3,128.0,2025-11-18,2025-11-25,true,11,0,true
2025339S14210,2026,SP,SIN NOMBRE,39,999,0,false,-15.0,-148.8,2025-12-05,2025-12-06,true,0,2429,false
2025346S08098,2026,SI,BAKUNG,80,973,1,false,-10.8,91.0,2025-12-12,2025-12-18,true,0,661,true
2025349S13169,2026,SP,SIN NOMBRE,39,997,0,false,-12.9,168.9,2025-12-14,2025-12-17,true,0,305,false
2025352S12110,2026,SI,GRANT,119,944,4,true,-13.7,80.5,2025-12-18,2026-01-06,true,0,169,true
2025362S13120,2026,SI,HAYLEY,89,964,2,false,-16.1,120.3,2025-12-28,2025-12-31,true,3,0,true
2026001S11106,2026,SI,IGGY,45,998,0,false,-13.1,108.1,2025-12-31,2026-01-03,true,0,425,false
2026005S10097,2026,SI,JENNA,89,968,2,false,-15.7,94.8,2026-01-04,2026-01-09,true,0,873,true
2026010S17148,2026,SP,KOJI,45,987,0,false,-17.9,148.0,2026-01-10,2026-01-11,true,3,0,false
2026011S14076,2026,SI,DUDZAI,124,940,4,true,-16.8,72.1,2026-01-10,2026-01-21,true,0,258,true
2026014N08133,2026,WP,NOKAEN,51,992,0,false,13.8,124.7,2026-01-14,2026-01-20,true,1,32,false
2026021S18159,2026,SP,SIN NOMBRE,39,993,0,false,-19.1,161.1,2026-01-21,2026-01-23,true,0,88,false
2026021S26041,2026,SI,EWETSE,51,989,0,false,-24.4,42.6,2026-01-20,2026-01-21,true,2,0,false
2026023S13120,2026,SI,LUANA,54,986,0,false,-16.6,122.2,2026-01-23,2026-01-24,true,4,0,false
2026028S17172,2026,SP,SIN NOMBRE,54,988,0,false,-21.4,173.8,2026-01-28,2026-01-29,true,0,382,false
2026030S16043,2026,SI,FYTIA,99,962,3,false,-16.0,44.8,2026-01-29,2026-02-04,true,5,0,true
2026034N10137,2026,WP,PENHA,39,999,0,false,8.3,127.9,2026-02-04,2026-02-06,true,4,0,false
2026037S18122,2026,SI,MITCHELL,80,968,1,false,-20.3,116.2,2026-02-06,2026-02-09,true,6,10,true
2026039S18057,2026,SI,GEZANI,109,956,3,false,-18.1,50.1,2026-02-08,2026-02-18,true,5,0,true
2026051S15076,2026,SI,HORACIO,138,920,5,true,-20.7,65.1,2026-02-20,2026-02-27,true,0,716,true
2026058S18168,2026,SP,URMIL,64,980,1,false,-20.4,170.7,2026-02-26,2026-03-02,true,0,179,true
2026063S12109,2026,SI,SIN NOMBRE,39,997,0,false,-10.7,113.3,2026-03-04,2026-03-06,true,0,200,false
2026063S14151,2026,SP,SIN NOMBRE,35,996,0,false,-14.2,150.8,2026-03-04,2026-03-07,true,7,0,false
2026065S16114,2026,SI,SIN NOMBRE,35,995,0,false,-15.8,113.7,2026-03-06,2026-03-11,true,0,623,false
2026070N10137,2026,WP,NURI,29,1000,-1,false,10.4,136.8,2026-03-11,2026-03-12,true,0,1160,false
2026076S12157,2026,SP,NARELLE,124,933,4,true,-13.6,146.5,2026-03-17,2026-03-28,true,22,0,true
2026082S17163,2026,SP,SIN NOMBRE,45,990,0,false,-20.1,162.9,2026-03-23,2026-03-24,true,0,114,false
2026092S11074,2026,SI,INDUSA,89,971,2,false,-20.3,70.2,2026-04-02,2026-04-06,true,0,1292,true
2026094S09155,2026,SP,MAILA,124,930,4,true,-9.5,156.0,2026-04-04,2026-04-11,true,0,139,true
2026095S14172,2026,SP,VAIANU,99,954,3,false,-18.1,174.8,2026-04-05,2026-04-09,true,0,241,true
2026099N09152,2026,WP,SINLAKU,154,896,5,true,11.6,149.5,2026-04-09,2026-04-20,true,0,1199,true
2026126N08148,2026,WP,HAGUPIT,39,999,0,false,8.4,139.9,2026-05-05,2026-05-11,true,0,469,false
2026147N10138,2026,WP,JANGMI,74,973,1,false,22.8,127.7,2026-05-27,2026-06-03,true,1,33,true
2026152N08237,2026,EP,AMANDA,40,1004,0,false,12.6,-130.8,2026-05-31,2026-06-08,true,0,2170,false
2026157N14255,2026,EP,BORIS,40,1001,0,false,15.3,-99.2,2026-06-05,2026-06-09,true,3,0,false
2026158N10271,2026,EP,CRISTINA,40,1004,0,false,11.4,-87.6,2026-06-06,2026-06-11,true,3,15,false
2026166N24260,2026,NA,ARTHUR,40,999,0,false,28.9,-95.8,2026-06-15,2026-06-18,true,13,0,false
2026170N12145,2026,WP,MEKKHALA,124,934,4,true,18.1,126.1,2026-06-18,2026-06-27,true,1,50,true
2026174N14148,2026,WP,HIGOS,54,989,0,false,25.0,133.8,2026-06-22,2026-06-27,true,0,64,false
2026180N11238,2026,EP,DOUGLAS,40,1002,0,false,19.1,-128.0,2026-06-28,2026-07-03,true,0,1635,false
2026182N09163,2026,WP,BAVI,154,901,5,true,13.7,146.9,2026-07-01,2026-07-14,true,13,0,true
2026183N17115,2026,WP,MAYSAK,51,988,0,false,21.3,107.8,2026-07-01,2026-07-05,true,6,0,false
2026194N12265,2026,EP,ELIDA,60,990,0,false,18.5,-123.0,2026-07-12,2026-07-20,true,0,425,false
2026198N08260,2026,EP,FAUSTO,90,967,2,false,18.5,-130.6,2026-07-16,2026-07-29,true,0,318,true
2026199N26277,2026,NA,BERTHA,50,995,0,false,28.8,-86.2,2026-07-17,2026-07-24,true,5,0,false
2026204N17128,2026,WP,NOUL,84,967,2,false,22.4,115.1,2026-07-23,2026-07-26,true,4,0,true
2026205N09261,2026,EP,GENEVIEVE,140,924,5,true,15.1,-111.7,2026-07-24,2026-08-06,true,0,778,true
2026208N13178,2026,WP,DOLPHIN,144,915,5,true,15.8,166.8,2026-07-27,2026-08-09,true,3,0,true
2026217N18119,2026,WP,PEILOU,39,991,0,false,21.1,151.0,2026-08-05,2026-08-13,true,4,0,false
2026219N29161,2026,WP,CHAN-HOM,51,976,0,false,36.8,143.7,2026-08-07,2026-08-12,true,3,0,false
2026222N15223,2026,EP,LALA,115,947,4,true,20.7,-169.3,2026-08-10,2026-08-28,true,0,63,true
2026222N26160,2026,WP,SIN NOMBRE,35,993,0,false,27.1,160.7,2026-08-10,2026-08-11,true,0,1732,false
2026223N14233,2026,EP,HERNAN,40,1003,0,false,18.0,-131.7,2026-08-10,2026-08-15,true,0,1949,false
2026223N36297,2026,NA,CRISTOBAL,40,1008,0,false,36.8,-43.9,2026-08-10,2026-08-13,true,0,804,false
2026225N23145,2026,WP,NANGKA,35,995,0,false,27.8,149.9,2026-08-12,2026-08-16,true,0,1219,false
2026231N08155,2026,WP,SAUDEL,115,944,4,true,20.4,143.6,2026-08-18,2026-08-28,true,1,0,true
2026231N10228,2026,EP,MOKE,45,994,0,false,14.6,-149.7,2026-08-18,2026-08-25,true,0,414,false
2026232N10250,2026,EP,JULIO,45,1001,0,false,17.0,-119.1,2026-08-20,2026-08-25,true,0,901,false
2026233N20108,2026,WP,NARRA,39,989,0,false,20.5,108.1,2026-08-20,2026-08-26,true,7,0,false
2026234N10255,2026,EP,ISELLE,60,988,0,false,18.9,-117.6,2026-08-21,2026-08-27,true,0,846,false
2026235N12135,2026,WP,ATSANI,29,1000,-1,false,12.2,135.4,2026-08-22,2026-08-25,true,0,1031,false
2026236N11344,2026,NA,DOLLY,35,1007,0,false,13.5,-37.5,2026-08-24,2026-08-31,true,3,0,false
2026237N09256,2026,EP,KARINA,125,940,4,true,18.5,-131.2,2026-08-25,2026-09-07,true,0,1010,true
2026238N10223,2026,EP,LOWELL,140,922,5,true,13.3,-153.7,2026-08-25,2026-09-11,true,0,143,true
2026238N17161,2026,WP,BANG-LANG,74,970,1,false,23.9,168.2,2026-08-26,2026-08-31,true,0,1616,true
2026239N20168,2026,WP,ETAU,45,990,0,false,23.1,167.8,2026-08-27,2026-08-31,true,0,2086,false
2026241N30273,2026,NA,EDOUARD,50,998,0,false,29.7,-93.6,2026-08-28,2026-09-03,true,8,0,false
2026242N10255,2026,EP,MARIE,85,967,2,false,19.7,-116.7,2026-08-29,2026-09-08,true,0,587,true
2026243N20110,2026,WP,SAUDEL,39,989,0,false,23.8,117.4,2026-08-31,2026-09-03,true,3,0,false
2026244N23132,2026,WP,KROVANH,45,982,0,false,28.4,127.1,2026-09-01,2026-09-09,true,4,0,false
2026248N22138,2026,WP,SIN NOMBRE,39,996,0,false,22.4,137.8,2026-09-04,2026-09-05,true,0,397,false
2026251N13251,2026,EP,NORBERT,55,996,0,false,16.6,-124.1,2026-09-07,2026-09-15,true,0,841,false
2026254N11252,2026,EP,NOLO,40,1002,0,false,14.6,-155.8,2026-09-10,2026-09-24,true,0,481,false
2026259N15149,2026,WP,DUJUAN,70,970,1,false,33.7,139.8,2026-09-15,2026-09-22,true,0,120,true
2026260N11250,2026,EP,ODALYS,75,978,1,false,15.6,-126.9,2026-09-16,2026-09-24,true,0,1096,true
2026261N07257,2026,EP,POLO,155,892,5,true,14.6,-101.5,2026-09-17,2026-09-24,true,0,211,true
2026261N32326,2026,NA,FAY,60,995,0,false,34.2,-32.1,2026-09-17,2026-09-24,true,0,1549,false
2026266N16138,2026,WP,SURIGAE,35,1004,0,false,17.2,136.2,2026-09-23,2026-09-24,true,0,1158,false
2026266N18085,2026,NI,SIN NOMBRE,45,987,0,false,17.8,84.6,2026-09-22,2026-09-24,true,3,0,false
